cdu_csu,spd,gruene,afd,fdp,linke,bsw,freie_waehler,date
33.7,22.7,11.8,12.3,6.8,8.5,NA,NA,2017-01-02
33.6,22.7,11.8,12.4,6.8,8.6,NA,NA,2017-01-03
33.6,22.8,11.8,12.4,6.9,8.5,NA,NA,2017-01-04
33.9,22.6,11.7,12.5,6.8,8.5,NA,NA,2017-01-05
33.9,22.5,11.7,12.6,6.8,8.5,NA,NA,2017-01-06
34,22.6,11.7,12.5,6.7,8.4,NA,NA,2017-01-08
34,22.6,11.6,12.5,6.8,8.4,NA,NA,2017-01-09
34.1,22.2,11.9,12.6,6.6,8.4,NA,NA,2017-01-11
34,22.1,11.9,12.9,6.7,8.4,NA,NA,2017-01-12
34.1,22.1,11.9,12.8,6.7,8.4,NA,NA,2017-01-13
34,22.1,11.9,12.8,6.6,8.4,NA,NA,2017-01-15
34.1,22.2,11.9,12.7,6.7,8.4,NA,NA,2017-01-17
34.1,22.2,11.8,12.7,6.3,8.4,NA,NA,2017-01-18
34.2,22.2,11.8,12.6,6.3,8.4,NA,NA,2017-01-19
34.2,22.2,11.8,12.7,6.3,8.4,NA,NA,2017-01-20
33.9,22.2,11.6,12.7,6.4,8.7,NA,NA,2017-01-22
33.9,22.2,11.5,12.8,6.5,8.7,NA,NA,2017-01-24
33.8,22.2,11.6,12.8,6.5,8.8,NA,NA,2017-01-25
33.9,22.3,11.5,12.6,6.7,8.8,NA,NA,2017-01-26
33.9,22.6,11.4,12.8,6.4,8.4,NA,NA,2017-01-27
33.9,22.8,11.6,12.7,6.3,8.3,NA,NA,2017-01-29
33.8,23.2,11.5,12.7,6.3,8.3,NA,NA,2017-01-30
33.8,23.3,11.5,12.6,6.3,8.3,NA,NA,2017-01-31
33.7,23.6,11.4,12.5,6.3,8.3,NA,NA,2017-02-01
33.6,24.1,11.4,12.3,6.2,8.1,NA,NA,2017-02-02
33.4,24.5,11.3,12.3,6.2,8,NA,NA,2017-02-05
33.1,24.9,11.1,12.3,6.2,8.1,NA,NA,2017-02-06
32.9,25.2,11.1,12.3,6.2,8,NA,NA,2017-02-07
32.9,25.5,11.1,12.2,6.2,8,NA,NA,2017-02-08
32.8,25.8,11.1,12.1,6.2,7.9,NA,NA,2017-02-09
32.7,26.3,10.7,12,6.3,7.9,NA,NA,2017-02-10
32.6,26.7,10.6,12,6.2,7.9,NA,NA,2017-02-12
32.6,26.7,10.6,12,6.2,7.9,NA,NA,2017-02-13
32.5,26.8,10.5,11.9,6.2,7.9,NA,NA,2017-02-14
32.5,26.9,10.5,11.9,6.2,7.9,NA,NA,2017-02-15
32.6,27,10.6,11.8,6.2,7.7,NA,NA,2017-02-17
32.4,27.3,10.4,11.6,6.1,7.8,NA,NA,2017-02-19
32.6,27.2,10.4,11.5,6.2,7.8,NA,NA,2017-02-21
32.6,27.3,10.4,11.3,6.3,7.8,NA,NA,2017-02-22
32.4,27.4,10.4,11.3,6.3,7.7,NA,NA,2017-02-23
32.4,27.4,10.4,11.3,6.3,7.8,NA,NA,2017-02-26
32.3,27.6,10.3,11.3,6.4,7.7,NA,NA,2017-02-27
32.3,27.9,10.2,11.1,6.5,7.6,NA,NA,2017-02-28
32.2,27.9,10.3,11.1,6.5,7.5,NA,NA,2017-03-01
32.2,28,10.3,11.2,6.6,7.4,NA,NA,2017-03-05
32.1,28,10.2,11.3,6.7,7.4,NA,NA,2017-03-07
32.2,28,10.3,11.2,6.7,7.4,NA,NA,2017-03-08
32.3,28.6,9.9,10.8,6.6,7.5,NA,NA,2017-03-09
32.4,28.7,9.8,10.7,6.5,7.5,NA,NA,2017-03-10
32.4,28.8,9.8,10.6,6.5,7.5,NA,NA,2017-03-12
32.4,28.7,9.8,10.7,6.5,7.5,NA,NA,2017-03-14
32.3,28.9,9.7,10.6,6.6,7.5,NA,NA,2017-03-15
32.1,29,9.7,10.6,6.6,7.4,NA,NA,2017-03-16
32.1,29,9.7,10.6,6.6,7.4,NA,NA,2017-03-17
32.2,28.9,9.7,10.7,6.6,7.5,NA,NA,2017-03-19
32,29.2,9.7,10.7,6.5,7.5,NA,NA,2017-03-21
32.1,29.1,9.7,10.6,6.5,7.5,NA,NA,2017-03-22
32.2,29,9.8,10.6,6.5,7.5,NA,NA,2017-03-23
32.2,29.1,9.8,10.6,6.5,7.4,NA,NA,2017-03-24
32.2,29.2,9.8,10.6,6.5,7.4,NA,NA,2017-03-26
32.3,29.2,9.8,10.6,6.5,7.4,NA,NA,2017-03-27
32.4,29.2,9.8,10.5,6.5,7.4,NA,NA,2017-03-28
32.4,29.3,9.8,10.3,6.5,7.4,NA,NA,2017-03-29
32.4,29.3,9.7,10.3,6.6,7.4,NA,NA,2017-04-02
32.4,29.3,9.7,10.1,6.6,7.5,NA,NA,2017-04-03
32.7,29.1,9.7,10,6.6,7.6,NA,NA,2017-04-04
32.8,29,9.7,10,6.5,7.6,NA,NA,2017-04-06
32.9,29,9.6,10,6.4,7.6,NA,NA,2017-04-07
33,29.1,9.6,10,6.3,7.6,NA,NA,2017-04-09
33.1,29,9.7,10.2,6.3,7.6,NA,NA,2017-04-10
33.2,28.8,9.6,10.4,6.4,7.6,NA,NA,2017-04-11
33.2,28.8,9.6,10.5,6.4,7.5,NA,NA,2017-04-13
33.2,28.8,9.6,10.4,6.4,7.5,NA,NA,2017-04-14
33.2,28.6,9.6,10.4,6.5,7.6,NA,NA,2017-04-16
33.2,28.5,9.4,10.4,6.5,7.8,NA,NA,2017-04-19
33.3,28.5,9.4,10.4,6.5,7.7,NA,NA,2017-04-20
33.5,28.6,9.3,10.3,6.5,7.7,NA,NA,2017-04-21
33.7,28.4,9.3,10.2,6.4,7.7,NA,NA,2017-04-23
33.7,28.4,9.3,10.2,6.4,7.9,NA,NA,2017-04-25
33.7,28.4,9.4,10.2,6.4,7.9,NA,NA,2017-04-26
33.7,28.3,9.4,10.2,6.4,7.9,NA,NA,2017-04-27
33.9,28.1,9.4,10.1,6.5,8,NA,NA,2017-04-28
33.9,28.1,9.4,10.1,6.5,8,NA,NA,2017-04-29
33.9,28,9.5,10.1,6.6,8,NA,NA,2017-04-30
33.9,27.7,9.5,10,6.7,8.1,NA,NA,2017-05-02
33.9,27.6,9.6,9.9,6.7,8.1,NA,NA,2017-05-03
33.9,27.4,9.6,9.9,6.9,8,NA,NA,2017-05-04
34,27.4,9.6,9.9,6.9,8,NA,NA,2017-05-05
34,27.6,9.4,9.8,6.9,8,NA,NA,2017-05-06
34,27.5,9.4,9.8,6.9,8,NA,NA,2017-05-07
34.2,27,9.4,9.9,7,7.9,NA,NA,2017-05-09
34.2,27.1,9.3,9.8,7,7.9,NA,NA,2017-05-10
34.4,26.8,9.4,9.9,7.2,7.9,NA,NA,2017-05-11
34.5,26.7,9.3,9.8,7.4,7.8,NA,NA,2017-05-12
34.6,26.6,9.4,9.8,7.3,7.9,NA,NA,2017-05-14
34.9,26.4,9.4,9.7,7.5,7.8,NA,NA,2017-05-16
35,26.3,9.3,9.7,7.6,7.8,NA,NA,2017-05-17
35,26.3,9.3,9.6,7.6,7.8,NA,NA,2017-05-18
35.2,26.2,9.3,9.5,7.7,7.8,NA,NA,2017-05-19
35.3,26.1,9.2,9.5,7.8,7.7,NA,NA,2017-05-21
35.3,26.1,9.2,9.3,7.9,7.8,NA,NA,2017-05-22
35.4,25.9,9.3,9.3,8,7.8,NA,NA,2017-05-23
35.3,25.9,9.3,9.3,8,7.7,NA,NA,2017-05-26
35.7,25.3,9.4,9.3,8.3,7.7,NA,NA,2017-05-27
35.6,25.3,9.4,9.4,8.3,7.8,NA,NA,2017-05-29
35.5,25.2,9.4,9.5,8.4,7.8,NA,NA,2017-05-30
35.5,25.2,9.4,9.4,8.4,7.8,NA,NA,2017-05-31
35.6,25,9.4,9.4,8.5,7.7,NA,NA,2017-06-01
35.7,24.8,9.5,9.5,8.5,7.8,NA,NA,2017-06-02
35.7,24.9,9.4,9.5,8.4,7.8,NA,NA,2017-06-03
35.8,24.7,9.4,9.4,8.3,8,NA,NA,2017-06-06
35.9,24.6,9.5,9.4,8.2,8,NA,NA,2017-06-07
35.9,24.6,9.5,9.4,8.3,7.9,NA,NA,2017-06-08
35.9,24.5,9.5,9.4,8.3,8,NA,NA,2017-06-10
35.9,24.5,9.5,9.5,8.3,8,NA,NA,2017-06-12
35.8,24.4,9.5,9.5,8.4,8.1,NA,NA,2017-06-13
35.8,24.4,9.5,9.5,8.4,8,NA,NA,2017-06-15
35.9,24.4,9.5,9.5,8.3,8,NA,NA,2017-06-16
35.9,24.4,9.4,9.5,8.3,8,NA,NA,2017-06-17
36,24.4,9.3,9.3,8.4,8,NA,NA,2017-06-20
36.1,24.3,9.3,9.2,8.3,8.2,NA,NA,2017-06-21
36.5,24,9.3,9,8,8.3,NA,NA,2017-06-22
36.3,24.1,9.4,8.9,8.1,8.3,NA,NA,2017-06-23
36.4,24,9.4,8.9,8,8.3,NA,NA,2017-06-24
36.4,24.1,9.4,8.8,8.1,8.3,NA,NA,2017-06-27
36.5,24.1,9.5,8.8,8,8.3,NA,NA,2017-06-28
36.6,24.1,9.5,8.9,8,8.2,NA,NA,2017-06-29
36.6,24.1,9.5,8.9,8,8.2,NA,NA,2017-07-01
36.6,24.1,9.5,8.9,8,8.3,NA,NA,2017-07-03
36.6,24.2,9.4,8.9,7.9,8.3,NA,NA,2017-07-04
36.5,24.2,9.4,8.9,7.9,8.3,NA,NA,2017-07-05
36.5,23.9,9.6,9,8,8.2,NA,NA,2017-07-06
36.6,23.9,9.6,8.9,8,8.2,NA,NA,2017-07-07
36.6,23.9,9.6,8.9,8,8.2,NA,NA,2017-07-08
36.5,23.8,9.6,9.1,8,8.2,NA,NA,2017-07-11
36.5,23.9,9.6,9,8,8.1,NA,NA,2017-07-13
36.5,23.9,9.6,9.1,8,8.1,NA,NA,2017-07-15
36.4,23.9,9.5,9.1,8,8.2,NA,NA,2017-07-18
36.5,23.9,9.5,9,8,8.1,NA,NA,2017-07-19
36.5,23.9,9.5,9.1,8,8.1,NA,NA,2017-07-21
36.5,24,9.5,9.1,8,8.1,NA,NA,2017-07-22
36.5,24,9.5,9.1,8,8.1,NA,NA,2017-07-23
36.7,24.1,9.4,8.9,8,8.1,NA,NA,2017-07-25
36.8,24.1,9.3,8.9,8,8.2,NA,NA,2017-07-26
36.8,24.1,9.3,8.9,8,8.2,NA,NA,2017-07-27
36.9,24,9.3,9,8,8.1,NA,NA,2017-07-28
36.8,24,9.3,9.1,8,8.1,NA,NA,2017-07-29
36.6,23.7,9.5,9.3,8,8.2,NA,NA,2017-08-01
36.6,23.7,9.5,9.3,8,8.1,NA,NA,2017-08-02
36.5,23.7,9.5,9.3,8,8.1,NA,NA,2017-08-03
36.5,23.8,9.5,9.3,8,8,NA,NA,2017-08-04
36.5,23.7,9.5,9.3,8,8.1,NA,NA,2017-08-05
36.4,23.8,9.5,9.2,8,8.2,NA,NA,2017-08-07
36.4,23.6,9.5,9.3,8,8.3,NA,NA,2017-08-08
36.4,23.8,9.6,9.3,7.9,8.3,NA,NA,2017-08-09
36.4,23.8,9.5,9.3,7.9,8.2,NA,NA,2017-08-10
36.5,23.9,9.5,9.3,7.9,8.2,NA,NA,2017-08-11
36.5,23.9,9.5,9.3,7.9,8.2,NA,NA,2017-08-12
36.4,24.1,9.5,9.4,7.9,8,NA,NA,2017-08-15
36.5,23.9,9.5,9.3,8,8,NA,NA,2017-08-16
36.4,24,9.6,9.3,8,8,NA,NA,2017-08-17
36.5,24,9.6,9.2,8,8,NA,NA,2017-08-19
36.6,24,9.6,9.1,8,7.9,NA,NA,2017-08-22
36.6,24,9.6,9.2,8,7.9,NA,NA,2017-08-23
36.5,24,9.6,9.2,8,7.9,NA,NA,2017-08-24
36.4,23.8,9.6,9.4,8.1,8,NA,NA,2017-08-25
36.4,23.7,9.5,9.4,8.1,8,NA,NA,2017-08-26
36.3,23.6,9.5,9.5,8.1,8.1,NA,NA,2017-08-29
36.2,23.7,9.4,9.6,8,8.1,NA,NA,2017-08-30
36.1,23.7,9.4,9.7,8,8.1,NA,NA,2017-08-31
36.1,23.7,9.4,9.6,8.1,8.1,NA,NA,2017-09-01
36.1,23.8,9.5,9.6,8,8.1,NA,NA,2017-09-02
36.1,23.6,9.5,9.7,8.1,8.2,NA,NA,2017-09-03
36,23.6,9.4,9.9,8.1,8.3,NA,NA,2017-09-04
36,23.7,9.4,9.8,8.1,8.3,NA,NA,2017-09-05
35.9,23.6,9.4,9.9,8.2,8.2,NA,NA,2017-09-06
35.8,23.4,9.6,9.8,8.3,8.3,NA,NA,2017-09-07
35.7,23.4,9.6,9.9,8.3,8.3,NA,NA,2017-09-08
35.7,23.4,9.6,9.9,8.3,8.3,NA,NA,2017-09-09
35.6,23.5,9.6,10,8.2,8.4,NA,NA,2017-09-11
35.8,23.4,9.6,10.1,8,8.6,NA,NA,2017-09-12
35.9,23.3,9.7,10,7.9,8.6,NA,NA,2017-09-13
35.9,23.4,9.6,10.1,7.9,8.6,NA,NA,2017-09-14
35.7,23.4,9.6,10.2,8,8.6,NA,NA,2017-09-15
35.7,23.3,9.6,10.3,8.1,8.7,NA,NA,2017-09-16
35.6,23.1,9.6,10.4,8.1,8.8,NA,NA,2017-09-18
35.4,23.1,9.6,10.5,8.2,8.8,NA,NA,2017-09-19
35.3,23,9.5,10.6,8.2,8.7,NA,NA,2017-09-21
35.2,22.9,9.5,10.8,8.2,8.7,NA,NA,2017-09-22
33.5,22.4,10.2,11.6,8.9,8.5,NA,NA,2017-09-28
33.1,22.6,11.2,11.3,8.5,8.9,NA,NA,2017-09-29
33.3,22.6,11,11.3,8.8,8.9,NA,NA,2017-09-30
33.1,22.6,10.9,11.4,9,8.8,NA,NA,2017-10-01
33,22.6,10.9,11.5,9,8.8,NA,NA,2017-10-02
33,22.5,10.9,11.5,9,8.8,NA,NA,2017-10-04
33,22.5,10.9,11.5,9,8.8,NA,NA,2017-10-05
33,22.5,10.9,11.5,9.1,8.8,NA,NA,2017-10-06
32.9,22.6,10.7,11.4,8.9,8.8,NA,NA,2017-10-07
32.8,22.6,10.7,11.5,8.9,8.8,NA,NA,2017-10-08
32.8,22.6,10.7,11.5,8.9,8.8,NA,NA,2017-10-09
33,22.8,10.5,11.5,8.8,8.8,NA,NA,2017-10-10
33,22.7,10.7,11.5,8.9,8.6,NA,NA,2017-10-11
33,22.6,10.7,11.3,8.9,8.7,NA,NA,2017-10-12
32.5,22.6,10.7,11.4,9.2,8.8,NA,NA,2017-10-13
32.4,22.5,10.8,11.4,9.3,8.8,NA,NA,2017-10-14
32.4,22.6,10.8,11.4,9.1,8.8,NA,NA,2017-10-16
32.4,22.6,10.8,11.4,9.1,8.8,NA,NA,2017-10-18
32.4,22.7,10.6,11.5,9.2,8.8,NA,NA,2017-10-19
32.3,22.7,10.7,11.6,9.3,8.7,NA,NA,2017-10-20
32.4,22.7,10.7,11.6,9.3,8.6,NA,NA,2017-10-21
32.3,22.8,10.7,11.6,9.4,8.6,NA,NA,2017-10-23
32.4,22.8,10.7,11.7,9.3,8.7,NA,NA,2017-10-24
32.5,22.9,10.6,11.6,9.4,8.7,NA,NA,2017-10-25
32.6,22.9,10.6,11.5,9.3,8.6,NA,NA,2017-10-27
32.5,22.9,10.6,11.5,9.3,8.6,NA,NA,2017-10-28
32.4,22.9,10.7,11.6,9.4,8.6,NA,NA,2017-10-30
32.3,22.9,10.7,11.5,9.4,8.6,NA,NA,2017-11-01
32.3,22.8,10.8,11.5,9.3,8.7,NA,NA,2017-11-04
32.1,23,10.7,11.6,9.4,8.7,NA,NA,2017-11-05
31.9,23,10.6,11.8,9.3,8.7,NA,NA,2017-11-06
31.9,23.1,10.5,11.9,9.3,8.8,NA,NA,2017-11-07
31.7,23.1,10.6,11.9,9.3,8.7,NA,NA,2017-11-09
31.6,23.1,10.6,11.9,9.4,8.8,NA,NA,2017-11-10
31.5,23.2,10.6,11.9,9.5,8.8,NA,NA,2017-11-11
31.5,23.1,10.6,11.9,9.6,8.8,NA,NA,2017-11-13
31.6,22.9,10.6,12,9.6,8.8,NA,NA,2017-11-14
31.7,22.8,10.6,12,9.6,8.8,NA,NA,2017-11-16
31.9,22.8,10.7,11.8,9.4,8.8,NA,NA,2017-11-17
31.9,22.8,10.8,11.8,9.3,8.7,NA,NA,2017-11-18
31.9,23,11,11.7,9.1,8.7,NA,NA,2017-11-20
31.6,22.9,11.2,11.8,9.4,8.7,NA,NA,2017-11-21
31.7,22.9,11.2,11.6,9.4,8.6,NA,NA,2017-11-24
31.9,23,11.1,11.5,9.3,8.7,NA,NA,2017-11-25
31.9,23,11.1,11.5,9.3,8.7,NA,NA,2017-11-26
32.1,22.9,11.1,11.5,9.1,8.7,NA,NA,2017-11-27
32.3,22.9,11,11.2,9.2,8.7,NA,NA,2017-11-28
32.2,22.9,11,11.4,9.1,8.8,NA,NA,2017-11-29
32.2,22.9,11,11.4,9,8.7,NA,NA,2017-11-30
32.2,22.9,11,11.4,8.9,8.7,NA,NA,2017-12-02
32.2,22.9,11,11.5,8.8,8.7,NA,NA,2017-12-04
32.1,22.9,11,11.5,8.8,8.8,NA,NA,2017-12-05
32.2,22.8,11,11.7,8.7,8.9,NA,NA,2017-12-07
32.1,22.9,11,11.7,8.6,8.8,NA,NA,2017-12-08
32.1,22.9,11.1,11.7,8.6,8.8,NA,NA,2017-12-09
32.2,22.9,11.1,11.7,8.6,8.8,NA,NA,2017-12-10
32.2,22.9,11.1,11.7,8.5,8.8,NA,NA,2017-12-12
32.3,22.9,11.1,11.7,8.5,8.8,NA,NA,2017-12-13
32.3,23,11.1,11.7,8.5,8.8,NA,NA,2017-12-14
32.3,22.9,11.2,11.7,8.5,8.7,NA,NA,2017-12-15
32.2,23,11.2,11.8,8.4,8.7,NA,NA,2017-12-16
32.1,22.9,11.2,11.9,8.3,8.8,NA,NA,2017-12-19
32.3,22.9,11.2,11.8,8.4,8.8,NA,NA,2017-12-21
32.6,22.8,11.2,11.6,8.5,8.8,NA,NA,2017-12-23
32.7,22.6,11.2,11.6,8.5,8.8,NA,NA,2017-12-27
32.8,22.6,11.1,11.8,8.4,8.9,NA,NA,2017-12-28
32.7,22.5,11,11.7,8.3,9,NA,NA,2018-01-02
32.6,22.5,11,11.9,8.3,9,NA,NA,2018-01-03
32.6,22.6,11,12,8.3,8.9,NA,NA,2018-01-04
32.6,22.5,11.1,12,8.4,8.8,NA,NA,2018-01-06
32.6,22.5,11.2,11.7,8.4,8.7,NA,NA,2018-01-07
32.5,22.5,11.1,11.8,8.4,8.8,NA,NA,2018-01-08
32.4,22.4,11.1,12,8.4,8.8,NA,NA,2018-01-09
32.4,22.3,11.2,12,8.4,8.8,NA,NA,2018-01-10
32.5,22.4,11.2,12,8.3,8.8,NA,NA,2018-01-13
32.5,22.2,11.5,12.1,8.2,8.8,NA,NA,2018-01-14
32.4,22.1,11.5,12.2,8.2,8.9,NA,NA,2018-01-15
32.4,22.1,11.5,12.3,8.2,8.9,NA,NA,2018-01-16
32.5,21.7,11.5,12.3,8.1,9,NA,NA,2018-01-18
32.5,21.8,11.6,12.1,8.1,9,NA,NA,2018-01-19
32.4,21.9,11.5,12.1,8.1,9,NA,NA,2018-01-20
32.4,21.9,11.5,12.1,8.1,9,NA,NA,2018-01-21
32.5,21.7,11.5,12.2,8,9.2,NA,NA,2018-01-22
32.5,21.6,11.5,12.2,8.1,9.1,NA,NA,2018-01-23
32.7,21.7,11.4,12.2,8.1,9.1,NA,NA,2018-01-25
32.7,21.7,11.4,12.1,8.2,9.1,NA,NA,2018-01-26
32.7,21.6,11.4,12,8.2,9.1,NA,NA,2018-01-27
33,21.6,11.5,11.9,8.2,9.1,NA,NA,2018-01-29
33,21.1,11.7,11.9,8.3,9.2,NA,NA,2018-01-31
32.9,21,11.7,12.1,8.3,9.3,NA,NA,2018-02-01
32.7,21,11.9,12.3,8.2,9.4,NA,NA,2018-02-02
32.7,21,11.9,12.3,8.2,9.4,NA,NA,2018-02-03
32.3,20.9,12.1,12.5,8.3,9.3,NA,NA,2018-02-05
32.2,20.7,12.2,12.6,8.3,9.2,NA,NA,2018-02-08
32.1,20.7,12.3,12.6,8.4,9.3,NA,NA,2018-02-09
32.2,20.8,12.2,12.4,8.4,9.2,NA,NA,2018-02-10
32,20.6,12.3,12.5,8.6,9.2,NA,NA,2018-02-12
32.1,20.4,12.4,12.5,8.6,9.2,NA,NA,2018-02-13
32.2,20.3,12.5,12.6,8.5,9.2,NA,NA,2018-02-15
32.4,20.1,12.4,12.7,8.4,9.3,NA,NA,2018-02-17
32.6,20,12.4,12.8,8.3,9.2,NA,NA,2018-02-19
32.5,20,12.4,12.9,8.3,9.2,NA,NA,2018-02-20
32.5,20,12.4,12.9,8.3,9.3,NA,NA,2018-02-21
32.6,20,12.3,12.7,8.4,9.3,NA,NA,2018-02-23
32.7,20,12.2,12.7,8.5,9.2,NA,NA,2018-02-24
32.7,19.2,12.7,12.3,8.8,9.1,NA,NA,2018-02-25
32.7,19.1,12.7,12.4,8.7,9.3,NA,NA,2018-02-26
32.8,19.2,12.7,12.2,8.6,9.4,NA,NA,2018-02-27
32.7,19.2,12.7,12.4,8.5,9.5,NA,NA,2018-02-28
32.7,19.2,12.6,12.4,8.5,9.4,NA,NA,2018-03-01
32.7,19.2,12.6,12.4,8.5,9.4,NA,NA,2018-03-03
32.7,19.2,12.6,12.4,8.5,9.4,NA,NA,2018-03-05
32.8,19,12.6,12.5,8.5,9.5,NA,NA,2018-03-07
32.8,19.1,12.6,12.4,8.5,9.4,NA,NA,2018-03-08
32.8,19.3,12.6,12.3,8.4,9.4,NA,NA,2018-03-10
32.8,19.2,12.7,12.2,8.4,9.5,NA,NA,2018-03-12
32.7,19.5,12.6,12.2,8.4,9.5,NA,NA,2018-03-13
32.6,19.6,12.6,12.2,8.4,9.5,NA,NA,2018-03-16
32.7,19.7,12.3,12.3,8.4,9.5,NA,NA,2018-03-17
32.6,19.7,12.2,12.4,8.5,9.5,NA,NA,2018-03-20
32.7,19.8,12.2,12.3,8.6,9.4,NA,NA,2018-03-21
32.7,20,12.1,12.1,8.7,9.4,NA,NA,2018-03-22
32.7,20,12.2,12.1,8.7,9.4,NA,NA,2018-03-23
32.6,20,12.3,12.1,8.7,9.5,NA,NA,2018-03-24
32.6,19.9,12.3,12.1,8.7,9.5,NA,NA,2018-03-26
32.5,19.8,12.3,12.3,8.7,9.5,NA,NA,2018-03-27
32.6,19.7,12.3,12.3,8.6,9.5,NA,NA,2018-03-28
32.7,19.7,12.3,12.2,8.6,9.5,NA,NA,2018-03-31
32.7,19.7,12.2,12.2,8.6,9.5,NA,NA,2018-04-03
32.5,19.7,12.1,12.4,8.7,9.5,NA,NA,2018-04-05
32.6,19.7,12.1,12.4,8.6,9.5,NA,NA,2018-04-06
32.6,19.8,12.1,12.4,8.6,9.5,NA,NA,2018-04-07
32.5,19.7,12.2,12.5,8.5,9.5,NA,NA,2018-04-10
32.5,19.8,12.4,12.4,8.4,9.4,NA,NA,2018-04-13
32.6,19.8,12.4,12.4,8.5,9.4,NA,NA,2018-04-14
32.6,19.9,12.4,12.3,8.5,9.4,NA,NA,2018-04-16
32.6,20.1,12.4,12.2,8.5,9.3,NA,NA,2018-04-17
32.6,20.2,12.4,12.3,8.4,9.2,NA,NA,2018-04-18
32.5,19.9,12.6,12.4,8.5,9.3,NA,NA,2018-04-20
32.5,19.8,12.7,12.3,8.6,9.3,NA,NA,2018-04-21
32.5,19.7,12.8,12.3,8.6,9.3,NA,NA,2018-04-23
32.5,19.7,12.9,12.4,8.6,9.2,NA,NA,2018-04-24
32.6,19.8,12.8,12.3,8.7,9.1,NA,NA,2018-04-25
32.7,19.8,12.8,12.2,8.5,9.2,NA,NA,2018-04-27
32.7,19.7,12.8,12.3,8.5,9.2,NA,NA,2018-04-28
32.8,19.6,12.7,12.3,8.5,9.3,NA,NA,2018-05-01
32.7,19.6,12.8,12.2,8.5,9.3,NA,NA,2018-05-02
32.7,19.6,12.8,12.2,8.5,9.3,NA,NA,2018-05-04
32.9,19.5,12.7,12.3,8.4,9.2,NA,NA,2018-05-05
32.8,19.4,12.7,12.4,8.3,9.2,NA,NA,2018-05-08
32.7,19.5,12.8,12.5,8.2,9.1,NA,NA,2018-05-09
32.7,19.4,13,12.4,8.2,9.1,NA,NA,2018-05-12
32.8,19.2,13.2,13,7.8,9.1,NA,NA,2018-05-13
32.8,19.2,13.2,13,7.7,9.2,NA,NA,2018-05-14
32.8,19.1,13.2,13,7.8,9.2,NA,NA,2018-05-15
32.8,19.1,13.2,13,7.7,9.2,NA,NA,2018-05-16
33,19,13,12.9,7.9,9.1,NA,NA,2018-05-17
33.1,19.1,13,12.9,7.8,9.1,NA,NA,2018-05-18
33,19.2,13,12.9,7.9,9,NA,NA,2018-05-19
33,19.2,13,12.9,7.9,9.1,NA,NA,2018-05-22
33,19.1,13,12.9,7.8,9.2,NA,NA,2018-05-26
33,19.1,13.1,12.9,7.7,9.2,NA,NA,2018-05-27
33,19.1,13.1,13,7.8,9.2,NA,NA,2018-05-28
32.8,19,13.1,13.2,7.8,9.3,NA,NA,2018-05-29
32.8,19,13,13.3,7.9,9.4,NA,NA,2018-05-30
32.8,19,13,13.3,7.9,9.4,NA,NA,2018-06-01
32.7,19,13,13.3,7.8,9.4,NA,NA,2018-06-02
32.7,19,12.9,13.4,7.8,9.4,NA,NA,2018-06-04
32.6,19.3,12.9,13.4,7.7,9.5,NA,NA,2018-06-08
32.5,19.4,12.9,13.3,7.9,9.5,NA,NA,2018-06-09
32.3,19.3,12.9,13.3,7.9,9.6,NA,NA,2018-06-12
32.2,19.3,13,13.4,7.8,9.6,NA,NA,2018-06-14
32,19.6,12.8,13.1,8,9.6,NA,NA,2018-06-15
31.8,19.3,12.9,13.4,8.1,9.5,NA,NA,2018-06-16
31.5,19.6,12.9,13.3,8,9.5,NA,NA,2018-06-19
31.6,19.9,12.8,13.2,8.1,9.4,NA,NA,2018-06-20
31.6,19.6,12.9,13.4,8.1,9.5,NA,NA,2018-06-21
31.4,19.6,13,13.5,8.2,9.4,NA,NA,2018-06-23
31.4,19.6,12.9,13.6,8.1,9.5,NA,NA,2018-06-24
31.3,19.5,13,13.5,8.1,9.4,NA,NA,2018-06-25
31.3,19.6,13,13.6,8.2,9.4,NA,NA,2018-06-26
31.2,19.4,13,13.7,8.3,9.3,NA,NA,2018-06-27
31.2,19.4,13.1,13.7,8.3,9.3,NA,NA,2018-06-29
31.3,19.4,13.1,13.6,8.4,9.3,NA,NA,2018-06-30
31.3,19.4,13.1,13.6,8.4,9.3,NA,NA,2018-07-01
31.3,19.4,13.1,13.6,8.4,9.3,NA,NA,2018-07-03
31.1,19.2,13.3,13.8,8.4,9.3,NA,NA,2018-07-05
31.1,19.3,13.3,13.8,8.4,9.3,NA,NA,2018-07-06
30.9,19.1,13.3,14.1,8.4,9.2,NA,NA,2018-07-07
30.8,18.9,13.3,14.3,8.5,9.2,NA,NA,2018-07-09
30.8,18.9,13.3,14.4,8.5,9.2,NA,NA,2018-07-12
30.8,18.9,13.3,14.3,8.3,9.3,NA,NA,2018-07-13
30.9,19,13.3,14.3,8.2,9.3,NA,NA,2018-07-14
30.9,19.1,13.3,14.2,8.3,9.1,NA,NA,2018-07-17
30.8,19.1,13.4,14.2,8.3,9.1,NA,NA,2018-07-18
30.8,19.3,13.4,14,8.2,9.2,NA,NA,2018-07-21
30.8,19.3,13.3,14.1,8.2,9.3,NA,NA,2018-07-24
30.8,19.2,13.2,14.2,8.2,9.4,NA,NA,2018-07-25
30.8,19.2,13.4,14.2,8.2,9.2,NA,NA,2018-07-27
30.8,19.1,13.6,14.1,8.2,9.1,NA,NA,2018-07-28
30.8,19.1,13.6,14.1,8.2,9.2,NA,NA,2018-07-31
30.7,19,13.6,14,8.3,9.2,NA,NA,2018-08-01
30.6,19,13.6,14.2,8.3,9.2,NA,NA,2018-08-02
30.6,19,13.6,14.2,8.3,9.2,NA,NA,2018-08-03
30.6,19,13.7,14.1,8.3,9.1,NA,NA,2018-08-04
30.7,18.9,13.8,14.1,8.2,9.2,NA,NA,2018-08-07
30.8,19,13.9,14.1,8.1,9.1,NA,NA,2018-08-10
30.8,18.9,14.1,14,8.1,9.2,NA,NA,2018-08-11
30.7,18.9,14.2,14,8.1,9.2,NA,NA,2018-08-13
30.6,19,14.2,14,8.2,9.1,NA,NA,2018-08-14
30.7,19.1,14.1,14,8.2,9.1,NA,NA,2018-08-15
30.6,19.1,14.1,14,8.2,9.1,NA,NA,2018-08-17
30.5,19.1,14.2,14,8.2,9.1,NA,NA,2018-08-18
30.4,19,14.3,13.9,8.3,9.2,NA,NA,2018-08-21
30.4,19,14.2,14,8.3,9.2,NA,NA,2018-08-24
30.4,19.1,14.2,13.9,8.2,9.2,NA,NA,2018-08-25
30.4,19.1,14.2,13.8,8.2,9.2,NA,NA,2018-08-27
30,19.1,14.2,14.1,8.3,8.9,NA,NA,2018-08-28
30,19.1,14.2,14,8.3,8.9,NA,NA,2018-08-29
29.9,19,14.1,14.2,8.3,9.1,NA,NA,2018-08-30
29.9,19,14.1,14.3,8.3,9,NA,NA,2018-08-31
30,19,14.2,14.5,8.3,8.8,NA,NA,2018-09-01
30,18.9,14.2,14.5,8.2,8.8,NA,NA,2018-09-03
30,19,14.2,14.4,8.2,8.9,NA,NA,2018-09-06
29.9,19,14.2,14.5,8.2,8.9,NA,NA,2018-09-07
30,18.7,14.1,14.3,8.3,9.2,NA,NA,2018-09-08
29.9,18.7,14.2,14.3,8.3,9.1,NA,NA,2018-09-10
29.8,18.8,14.2,14.3,8.3,9.2,NA,NA,2018-09-11
29.8,18.7,14,14.6,8.2,9.3,NA,NA,2018-09-12
29.7,18.9,14.1,14.4,8.1,9.2,NA,NA,2018-09-14
29.8,19.1,14.2,14.3,8,9.3,NA,NA,2018-09-15
29.8,19.1,14.2,14.3,8,9.2,NA,NA,2018-09-17
29.9,19.2,14,14.2,8,9.2,NA,NA,2018-09-18
29.7,19.2,14.1,14.6,7.9,9.1,NA,NA,2018-09-19
29.5,19.1,14.4,14.7,8,9.2,NA,NA,2018-09-21
29.2,18.9,14.4,14.8,8.1,9.3,NA,NA,2018-09-22
29.2,18.9,14.5,14.9,8.1,9.3,NA,NA,2018-09-24
29.1,18.9,14.5,15,8.1,9.3,NA,NA,2018-09-26
28.9,18.7,14.4,15.2,8.1,9.5,NA,NA,2018-09-27
28.8,18.6,14.6,15.2,8.1,9.5,NA,NA,2018-09-28
28.7,18.5,14.7,15.2,8.2,9.5,NA,NA,2018-09-29
28.5,18.4,14.8,15.4,8.2,9.6,NA,NA,2018-10-01
28.4,18.4,14.9,15.4,8.2,9.6,NA,NA,2018-10-03
28.4,18.4,14.9,15.3,8.3,9.6,NA,NA,2018-10-04
28.4,18.3,14.9,15.3,8.3,9.6,NA,NA,2018-10-05
28.3,18.3,15.1,15.2,8.2,9.6,NA,NA,2018-10-06
28,18,15.9,15.1,8.3,9.7,NA,NA,2018-10-07
27.9,17.9,15.9,15.1,8.3,9.7,NA,NA,2018-10-09
27.8,17.7,16.1,15,8.5,9.7,NA,NA,2018-10-11
27.8,17.8,16.2,15,8.4,9.7,NA,NA,2018-10-12
27.7,17.8,16.4,14.9,8.4,9.6,NA,NA,2018-10-13
28,17.5,16.6,14.7,8.4,9.5,NA,NA,2018-10-16
28,17.5,16.7,14.6,8.4,9.5,NA,NA,2018-10-18
27.9,17.2,17.1,14.6,8.4,9.4,NA,NA,2018-10-19
27.7,16.9,17.4,14.6,8.5,9.3,NA,NA,2018-10-20
27.7,16.9,17.6,14.6,8.5,9.3,NA,NA,2018-10-23
27.7,16.9,17.6,14.6,8.5,9.3,NA,NA,2018-10-25
27.4,16.8,17.8,14.5,8.5,9.4,NA,NA,2018-10-27
27.4,16.7,17.9,14.5,8.5,9.4,NA,NA,2018-10-30
27.4,16.2,18.9,14.2,8.4,9.3,NA,NA,2018-11-03
27.6,16.3,18.5,14,8.5,9.3,NA,NA,2018-11-05
27.4,16.3,18.7,14.1,8.6,9.2,NA,NA,2018-11-07
27.4,16.3,19,14,8.5,9.2,NA,NA,2018-11-09
27.4,16.4,19.1,14,8.4,9.1,NA,NA,2018-11-10
27.4,16.5,19,13.9,8.4,9.1,NA,NA,2018-11-11
27.5,16.5,19.1,14,8.4,9,NA,NA,2018-11-12
27.5,16.5,19.3,13.9,8.3,9,NA,NA,2018-11-15
27.6,16.5,19.2,13.8,8.2,9,NA,NA,2018-11-17
27.6,16.5,19.2,13.8,8.3,9,NA,NA,2018-11-20
27.3,16.2,19.5,14,8.4,8.9,NA,NA,2018-11-21
27.3,16.2,19.7,13.9,8.3,8.9,NA,NA,2018-11-22
27.4,16.2,19.8,14.1,8.2,8.9,NA,NA,2018-11-23
27.3,16.2,19.8,14.3,8.3,8.8,NA,NA,2018-11-24
27.3,16,20,14.2,8.3,8.8,NA,NA,2018-11-25
27.5,15.9,20,14.3,8.1,8.7,NA,NA,2018-11-27
27.5,16,20,14.2,8.1,8.8,NA,NA,2018-11-28
27.7,15.9,19.8,14.2,8.2,8.7,NA,NA,2018-11-29
27.7,16.1,19.7,14.1,8.2,8.7,NA,NA,2018-11-30
27.9,16.1,19.5,14.1,8.2,8.7,NA,NA,2018-12-01
27.8,16,19.4,14.2,8.4,8.8,NA,NA,2018-12-03
28,15.9,19.3,14.2,8.3,8.8,NA,NA,2018-12-06
28.1,15.9,19.4,14.1,8.2,8.8,NA,NA,2018-12-07
28.2,15.9,19.4,14,8.2,8.8,NA,NA,2018-12-08
28.6,16,18.9,13.9,8.2,8.7,NA,NA,2018-12-10
28.6,16,18.9,13.9,8.2,8.7,NA,NA,2018-12-12
28.8,16,18.8,13.9,8.3,8.7,NA,NA,2018-12-13
29,16.1,18.8,13.9,8.1,8.7,NA,NA,2018-12-14
29.1,16.2,18.8,13.8,8.1,8.6,NA,NA,2018-12-15
29.2,16.2,18.8,13.8,8,8.5,NA,NA,2018-12-18
29.1,16.3,18.8,13.8,8,8.6,NA,NA,2018-12-20
29,16.1,18.9,13.8,8.1,8.6,NA,NA,2018-12-22
29.1,16.2,18.8,13.8,8,8.7,NA,NA,2018-12-28
29.1,16.1,18.9,13.7,8,8.7,NA,NA,2019-01-01
29.2,16.1,18.9,13.7,8,8.7,NA,NA,2019-01-03
29.1,16.2,18.6,13.6,8.3,9,NA,NA,2019-01-04
29.3,16.2,18.6,13.4,8.2,9,NA,NA,2019-01-05
29.3,16.2,18.6,13.4,8.2,9,NA,NA,2019-01-07
29.2,16.2,18.4,13.9,8.2,8.9,NA,NA,2019-01-08
29.1,16.2,18.5,13.8,8.3,8.9,NA,NA,2019-01-09
29,16.2,18.8,13.7,8.3,8.9,NA,NA,2019-01-10
28.9,16.1,19,13.7,8.2,8.8,NA,NA,2019-01-11
29.1,16.1,18.9,13.6,8.2,8.7,NA,NA,2019-01-12
29,16,19,13.6,8.2,8.8,NA,NA,2019-01-14
29,16,19,13.6,8.2,8.8,NA,NA,2019-01-17
29,15.9,19,13.5,8.2,8.7,NA,NA,2019-01-19
29.2,15.8,19.1,13.3,8.3,8.7,NA,NA,2019-01-22
29.3,16,19,13.3,8.2,8.6,NA,NA,2019-01-23
29.4,15.9,19,13.2,8.3,8.6,NA,NA,2019-01-24
29.4,15.9,19.1,13.3,8.3,8.6,NA,NA,2019-01-25
29.3,15.9,19.2,13.2,8.4,8.6,NA,NA,2019-01-26
29.3,15.8,19.4,13.1,8.3,8.7,NA,NA,2019-01-28
29.5,15.8,19.3,13.2,8.2,8.7,NA,NA,2019-01-31
29.5,15.8,19.3,13.2,8.2,8.7,NA,NA,2019-02-01
29.5,15.9,19.1,13.3,8.3,8.5,NA,NA,2019-02-02
29.2,15.7,19.5,13.1,8.4,8.6,NA,NA,2019-02-04
29.3,15.7,19.4,13,8.4,8.6,NA,NA,2019-02-05
29.3,15.7,19.3,13,8.4,8.7,NA,NA,2019-02-07
29.2,15.8,19.4,12.9,8.4,8.7,NA,NA,2019-02-08
29.2,15.9,19.3,12.8,8.5,8.7,NA,NA,2019-02-09
29.2,16.1,19,12.6,8.4,8.8,NA,NA,2019-02-11
29.1,16.3,19,12.5,8.4,8.8,NA,NA,2019-02-14
29.3,16.5,18.9,12.5,8.4,8.7,NA,NA,2019-02-15
29.1,16.8,18.9,12.4,8.3,8.6,NA,NA,2019-02-16
29.1,17.1,18.5,12.4,8.4,8.5,NA,NA,2019-02-18
29.1,17.2,18.6,12.5,8.3,8.5,NA,NA,2019-02-19
29.2,17.1,18.6,12.4,8.1,8.5,NA,NA,2019-02-22
29.2,17.1,18.6,12.4,8.1,8.5,NA,NA,2019-02-23
29.4,17.5,18.4,12.2,8.3,8.3,NA,NA,2019-02-24
29.5,17.6,18.4,12.1,8.2,8.3,NA,NA,2019-02-25
29.4,17.6,18.3,12.2,8.3,8.2,NA,NA,2019-02-26
29.4,17.6,18.3,12.2,8.3,8.3,NA,NA,2019-02-27
29.5,17.5,18.3,12.3,8.4,8.3,NA,NA,2019-02-28
29.5,17.5,18.3,12.3,8.3,8.4,NA,NA,2019-03-02
29.4,17.4,18.2,12.4,8.3,8.5,NA,NA,2019-03-03
29.4,17.4,18.3,12.3,8.3,8.5,NA,NA,2019-03-04
29.5,17.5,18.3,12.3,8.3,8.4,NA,NA,2019-03-05
29.7,17.3,18.2,12.3,8.4,8.4,NA,NA,2019-03-09
29.8,17.1,18.3,12.4,8.4,8.3,NA,NA,2019-03-11
29.7,17.1,18.4,12.4,8.4,8.4,NA,NA,2019-03-14
29.7,17.1,18.5,12.3,8.4,8.3,NA,NA,2019-03-15
29.7,17,18.5,12.2,8.4,8.2,NA,NA,2019-03-16
29.6,17,18.6,12.3,8.4,8.2,NA,NA,2019-03-18
29.6,17,18.7,12.2,8.4,8.2,NA,NA,2019-03-20
29.6,16.9,18.7,12.3,8.4,8.2,NA,NA,2019-03-21
29.5,17.1,18.8,11.9,8.4,8.1,NA,NA,2019-03-22
29.4,17.3,18.9,11.9,8.3,8.1,NA,NA,2019-03-23
29.6,17.2,18.9,11.8,8.4,8.1,NA,NA,2019-03-26
29.5,17.3,18.9,11.8,8.3,8.1,NA,NA,2019-03-27
29.7,17.3,18.9,11.7,8.4,8.1,NA,NA,2019-03-28
29.5,17.4,18.7,11.8,8.6,8.3,NA,NA,2019-03-30
29.5,17.5,18.7,11.8,8.7,8.2,NA,NA,2019-04-01
29.5,17.5,18.7,11.8,8.7,8.2,NA,NA,2019-04-02
29.4,17.3,18.9,11.8,8.8,8.2,NA,NA,2019-04-04
29.4,17.3,18.8,11.9,8.8,8.2,NA,NA,2019-04-05
29.6,17.4,18.8,11.8,8.7,8.2,NA,NA,2019-04-06
29.5,17.3,18.9,11.9,8.7,8.2,NA,NA,2019-04-08
29.5,17.3,18.9,11.9,8.7,8.2,NA,NA,2019-04-09
29.5,17.3,18.9,11.9,8.7,8.2,NA,NA,2019-04-10
29.3,17.3,19,11.9,8.6,8.2,NA,NA,2019-04-12
29.3,17.3,18.9,11.9,8.7,8.2,NA,NA,2019-04-13
29.4,17.3,18.8,11.9,8.6,8.2,NA,NA,2019-04-15
29.4,17.4,18.7,11.9,8.6,8.3,NA,NA,2019-04-16
29.5,17.5,18.8,12,8.5,8.2,NA,NA,2019-04-18
29.3,17.6,18.9,12,8.5,8.2,NA,NA,2019-04-20
29.2,17.6,18.9,12.1,8.4,8.2,NA,NA,2019-04-22
29.2,17.7,18.8,12.1,8.5,8.3,NA,NA,2019-04-23
29.2,17.6,18.8,12.1,8.5,8.3,NA,NA,2019-04-25
29.1,17.6,18.9,12.2,8.5,8.2,NA,NA,2019-04-26
28.9,17.6,18.9,12.2,8.6,8.3,NA,NA,2019-04-27
28.7,17.6,19.1,12.2,8.6,8.3,NA,NA,2019-04-29
28.6,17.7,19,12.1,8.6,8.4,NA,NA,2019-05-02
28.7,17.8,18.9,12.1,8.6,8.4,NA,NA,2019-05-03
28.7,17.8,19,12.1,8.6,8.3,NA,NA,2019-05-04
28.8,17.6,19,12.1,8.6,8.4,NA,NA,2019-05-06
28.8,17.6,19.1,12.2,8.5,8.3,NA,NA,2019-05-07
28.8,17.5,19.1,12.1,8.5,8.3,NA,NA,2019-05-08
28.9,17.5,19.1,12.1,8.4,8.3,NA,NA,2019-05-09
28.9,17.4,18.9,12.3,8.3,8.4,NA,NA,2019-05-10
29,17.4,18.9,12.3,8.4,8.4,NA,NA,2019-05-11
29,17.3,18.8,12.3,8.4,8.4,NA,NA,2019-05-13
29,17.3,18.8,12.3,8.4,8.4,NA,NA,2019-05-14
29,17.3,18.8,12.3,8.4,8.4,NA,NA,2019-05-16
29,17.3,18.8,12.3,8.4,8.4,NA,NA,2019-05-17
29,17.3,18.8,12.3,8.4,8.4,NA,NA,2019-05-18
29,17.4,18.7,12.3,8.4,8.4,NA,NA,2019-05-20
28.9,17.1,18.7,12.4,8.5,8.4,NA,NA,2019-05-21
28.9,17.1,18.7,12.4,8.5,8.4,NA,NA,2019-05-22
29,17.4,18.5,12.2,8.4,8.4,NA,NA,2019-05-23
29,17.4,18.5,12.2,8.4,8.4,NA,NA,2019-05-24
29,17.5,18.4,12.2,8.5,8.4,NA,NA,2019-05-25
28.8,17.5,18.3,12.2,8.4,8.4,NA,NA,2019-05-27
28.8,17.5,18.3,12.2,8.5,8.4,NA,NA,2019-05-28
28.8,17.4,18.3,12.2,8.5,8.4,NA,NA,2019-05-30
28.4,16.7,19.7,11.9,8.5,8.2,NA,NA,2019-06-01
28.1,16.5,20.5,11.9,8.3,8,NA,NA,2019-06-03
27.7,16,21.5,12,8.1,7.8,NA,NA,2019-06-06
27.4,15.6,22.1,12,8.1,7.8,NA,NA,2019-06-08
27.3,15.4,22.4,11.9,8.4,7.7,NA,NA,2019-06-11
27.3,15.4,22.5,11.9,8.4,7.7,NA,NA,2019-06-13
27.1,15.2,22.5,12.1,8.4,7.8,NA,NA,2019-06-15
27.1,15.3,22.4,12.1,8.5,7.9,NA,NA,2019-06-18
27.2,15.4,22.4,12.1,8.4,7.9,NA,NA,2019-06-21
27.3,15.4,22.2,12.3,8.2,7.9,NA,NA,2019-06-22
27.5,15.4,22.2,12.2,8.2,7.9,NA,NA,2019-06-24
27.5,15.2,22.4,12.3,8.1,7.9,NA,NA,2019-06-25
27.5,15.2,22.4,12.2,8.2,7.9,NA,NA,2019-06-27
27.6,15.3,22.3,12.2,8.3,7.9,NA,NA,2019-06-29
27.7,15.3,22.2,12.2,8.2,7.8,NA,NA,2019-07-01
27.7,15.3,22.2,12.2,8.2,7.8,NA,NA,2019-07-02
27.6,15.3,22.2,12.3,8.1,7.8,NA,NA,2019-07-03
27.5,15.3,22.3,12.4,8,7.9,NA,NA,2019-07-04
27.5,15.3,22.2,12.3,8,8,NA,NA,2019-07-06
27.5,15.3,22.2,12.4,8,8,NA,NA,2019-07-09
27.5,15.4,22.1,12.4,8.1,8.1,NA,NA,2019-07-11
27.5,15.6,22,12.4,8.1,8.1,NA,NA,2019-07-13
27.4,15.7,21.9,12.4,8.2,8.1,NA,NA,2019-07-15
27.4,15.6,21.9,12.5,8.2,8.1,NA,NA,2019-07-17
27.6,15.6,21.9,12.3,8.2,8.1,NA,NA,2019-07-19
27.8,15.5,21.6,12.2,8.3,8.1,NA,NA,2019-07-20
28,15.4,21.5,12.3,8.3,8,NA,NA,2019-07-22
28.1,15.3,21.5,12.2,8.3,8,NA,NA,2019-07-23
28.2,15.4,21.5,12.2,8.2,8,NA,NA,2019-07-24
28.2,15.3,21.4,12.2,8.2,8,NA,NA,2019-07-25
28.2,15.3,21.5,12.1,8.3,8,NA,NA,2019-07-26
28.1,15.3,21.6,12.2,8.4,7.9,NA,NA,2019-07-27
28.1,15.4,21.6,12.2,8.3,7.9,NA,NA,2019-07-29
27.9,15.3,21.8,12.3,8.4,7.9,NA,NA,2019-07-30
27.8,15.3,21.7,12.4,8.4,7.9,NA,NA,2019-07-31
27.8,15.2,21.7,12.5,8.3,7.9,NA,NA,2019-08-01
27.7,15.1,21.7,12.6,8.4,7.9,NA,NA,2019-08-03
27.8,15,21.6,12.7,8.4,8,NA,NA,2019-08-05
27.8,15,21.6,12.7,8.4,8,NA,NA,2019-08-06
27.9,15,21.6,12.7,8.3,7.9,NA,NA,2019-08-09
27.7,15,21.7,12.7,8.2,8,NA,NA,2019-08-10
27.8,15,21.6,12.7,8.2,7.9,NA,NA,2019-08-12
27.8,15,21.7,12.7,8.2,7.9,NA,NA,2019-08-14
27.6,14.6,22.3,12.5,8.2,7.8,NA,NA,2019-08-17
27.5,14.7,22.4,12.5,8.2,7.8,NA,NA,2019-08-20
27.8,14.7,22.3,12.4,8.1,7.8,NA,NA,2019-08-21
27.8,14.9,22.3,12.4,7.9,7.8,NA,NA,2019-08-22
27.8,14.9,22.3,12.4,7.9,7.8,NA,NA,2019-08-23
27.9,15.1,22.3,12.4,7.9,7.7,NA,NA,2019-08-24
27.8,15.1,22.2,12.4,7.9,7.7,NA,NA,2019-08-26
27.8,15.1,22.2,12.4,7.9,7.7,NA,NA,2019-08-27
27.8,15.1,22.2,12.4,7.9,7.7,NA,NA,2019-08-28
27.8,15.1,22.2,12.4,7.9,7.7,NA,NA,2019-08-29
28,15.3,22,12.4,7.9,7.5,NA,NA,2019-08-31
28,15.5,21.8,12.5,7.9,7.2,NA,NA,2019-09-02
28.1,15.6,21.7,12.6,7.7,7.2,NA,NA,2019-09-05
28.1,15.7,21.6,12.7,7.6,7.2,NA,NA,2019-09-07
28.2,15.6,21.4,12.8,7.6,7.2,NA,NA,2019-09-10
28.1,15.6,21.4,12.8,7.5,7.3,NA,NA,2019-09-11
28,15.6,21.5,12.8,7.4,7.3,NA,NA,2019-09-12
28,15.7,21.6,12.6,7.4,7.3,NA,NA,2019-09-13
27.9,15.7,21.5,12.7,7.5,7.3,NA,NA,2019-09-14
27.9,15.7,21.5,12.9,7.5,7.3,NA,NA,2019-09-16
28,15.6,21.5,12.9,7.5,7.4,NA,NA,2019-09-17
28,15.6,21.5,12.9,7.5,7.4,NA,NA,2019-09-18
27.9,15.4,22.2,12.9,7.4,7.2,NA,NA,2019-09-19
27.9,15.4,22.1,12.7,7.4,7.3,NA,NA,2019-09-21
27.9,15.4,22.1,12.8,7.5,7.3,NA,NA,2019-09-23
27.8,15.5,22.1,12.9,7.5,7.3,NA,NA,2019-09-25
27.8,15.5,22.1,12.9,7.5,7.3,NA,NA,2019-09-26
27.8,15.4,22.5,13,7.4,7.2,NA,NA,2019-09-27
27.6,15.3,22.5,13,7.5,7.2,NA,NA,2019-09-28
27.7,15.2,22.5,13.1,7.5,7.2,NA,NA,2019-09-30
27.7,15.1,22.5,13,7.6,7.2,NA,NA,2019-10-01
27.7,15.1,22.5,13,7.6,7.2,NA,NA,2019-10-02
27.6,15,22.5,13.1,7.6,7.2,NA,NA,2019-10-03
27.7,15,22.4,13.1,7.7,7.2,NA,NA,2019-10-05
27.7,14.9,22.2,13.2,7.7,7.3,NA,NA,2019-10-08
27.8,14.9,22.3,13.1,7.7,7.3,NA,NA,2019-10-10
27.8,14.8,22.3,13.1,7.6,7.3,NA,NA,2019-10-12
27.9,14.9,22.3,13,7.5,7.3,NA,NA,2019-10-15
28,15.1,22.4,12.9,7.5,7.2,NA,NA,2019-10-16
28.1,15.1,22.2,12.9,7.5,7.2,NA,NA,2019-10-17
28.2,15.1,22.2,12.8,7.4,7.3,NA,NA,2019-10-18
28.3,15.2,22,12.7,7.4,7.3,NA,NA,2019-10-19
28.2,15.2,22.1,12.8,7.4,7.4,NA,NA,2019-10-22
28.2,15.2,22.1,12.8,7.4,7.5,NA,NA,2019-10-23
28.2,15.2,22.1,12.8,7.4,7.4,NA,NA,2019-10-24
28.4,15.2,21.9,12.8,7.4,7.5,NA,NA,2019-10-26
28.3,15.2,21.9,12.8,7.4,7.6,NA,NA,2019-10-29
28.3,15.4,21.4,12.9,7.5,7.6,NA,NA,2019-10-30
28.2,15.6,20.6,13.4,7.6,8,NA,NA,2019-11-02
28.2,15.6,20.7,13.2,7.5,8.1,NA,NA,2019-11-03
28.1,15.6,20.5,13.3,7.6,8.2,NA,NA,2019-11-04
28.1,15.4,20.7,13.2,7.4,8.3,NA,NA,2019-11-06
27.9,15.4,20.8,13.2,7.5,8.3,NA,NA,2019-11-07
27.9,15.4,20.8,13.2,7.5,8.4,NA,NA,2019-11-08
27.7,15.4,20.8,13.1,7.7,8.4,NA,NA,2019-11-09
27.7,15.6,20.7,13.1,7.7,8.4,NA,NA,2019-11-12
27.7,15.7,20.7,13,7.7,8.4,NA,NA,2019-11-14
27.8,15.9,20.4,13,7.6,8.4,NA,NA,2019-11-16
27.7,16,20.5,13,7.6,8.5,NA,NA,2019-11-18
27.9,15.9,20.5,13,7.6,8.4,NA,NA,2019-11-19
27.9,15.9,20.5,13.1,7.6,8.4,NA,NA,2019-11-20
27.9,15.8,20.8,13,7.7,8.2,NA,NA,2019-11-23
28,15.7,20.9,12.9,7.7,8.2,NA,NA,2019-11-26
28,15.6,20.9,13,7.7,8.2,NA,NA,2019-11-27
28,15.5,21,13,7.6,8.3,NA,NA,2019-11-29
28,15.5,21.1,13,7.5,8.2,NA,NA,2019-11-30
28,15.4,21,13.1,7.5,8.1,NA,NA,2019-12-02
28,15.5,21,13.2,7.6,8,NA,NA,2019-12-03
27.9,15.4,21.1,13.3,7.7,8,NA,NA,2019-12-05
27.9,15.2,21.1,13.3,7.9,7.9,NA,NA,2019-12-07
28.1,15.2,21,13.3,7.9,7.8,NA,NA,2019-12-09
28.1,15.2,21,13.3,7.9,7.8,NA,NA,2019-12-10
28.3,15.4,20.7,13.3,7.7,7.8,NA,NA,2019-12-12
28.3,15.4,20.8,13.3,7.8,7.8,NA,NA,2019-12-13
28.3,15.4,20.8,13.2,7.7,7.9,NA,NA,2019-12-14
28.2,15.4,20.8,13.2,7.7,8,NA,NA,2019-12-16
28.2,15.4,20.8,13.2,7.7,8,NA,NA,2019-12-17
28.2,15.3,20.8,13.2,7.6,8.1,NA,NA,2019-12-18
28.3,15.4,20.8,13.3,7.6,8.1,NA,NA,2019-12-19
28.3,15.4,20.8,13.3,7.6,8.1,NA,NA,2019-12-20
28.2,15.4,20.7,13.3,7.6,8,NA,NA,2019-12-21
28.3,15.3,20.8,13.3,7.7,8,NA,NA,2019-12-24
28.3,15.3,20.8,13.3,7.7,8,NA,NA,2019-12-26
28.3,15.3,20.8,13.3,7.7,8,NA,NA,2020-01-02
28.5,15.1,20.5,13.2,8,8,NA,NA,2020-01-03
28.7,15,20.6,13.1,8,8.1,NA,NA,2020-01-06
28.6,14.9,21,13,8.1,7.9,NA,NA,2020-01-09
28.5,14.9,20.9,13,8.2,8,NA,NA,2020-01-11
28.3,14.9,20.8,13.1,8.2,8,NA,NA,2020-01-14
28.2,14.8,21.1,13.1,8.1,8,NA,NA,2020-01-15
28.2,14.9,21.2,13.1,7.9,8.1,NA,NA,2020-01-16
28.1,15.1,21.2,13.1,7.8,8.2,NA,NA,2020-01-18
28.1,15.1,21.2,13.1,7.7,8.2,NA,NA,2020-01-21
28,15.2,21.4,13.1,7.7,8.2,NA,NA,2020-01-23
28,15.1,21.5,13.1,7.8,8.3,NA,NA,2020-01-25
27.9,15.2,21.4,13.1,7.8,8.2,NA,NA,2020-01-27
27.9,15.2,21.5,13.1,7.8,8.2,NA,NA,2020-01-28
28,15.2,21.6,13,7.8,8.1,NA,NA,2020-01-29
28.1,15.3,21.6,12.8,7.7,8,NA,NA,2020-02-01
28.2,15.1,21.7,12.7,7.8,8,NA,NA,2020-02-03
28.2,15.1,21.5,12.7,7.8,8,NA,NA,2020-02-06
28.2,15.2,21.5,12.8,7.5,8.2,NA,NA,2020-02-07
28.2,15.4,21.5,12.6,7.5,8.2,NA,NA,2020-02-08
28.3,15.4,21.4,12.7,7.5,8.2,NA,NA,2020-02-09
28.2,15.4,21.4,12.7,7.5,8.3,NA,NA,2020-02-10
28.2,15.4,21.4,12.7,7.4,8.4,NA,NA,2020-02-11
27.9,15.6,21.3,12.7,7.2,8.5,NA,NA,2020-02-13
27.9,15.6,21.3,12.7,7.2,8.5,NA,NA,2020-02-14
27.9,15.6,21.4,12.8,6.8,8.7,NA,NA,2020-02-15
27.9,15.6,21.5,12.8,6.8,8.6,NA,NA,2020-02-17
28,15.7,21.2,13,6.8,8.5,NA,NA,2020-02-18
28,15.8,21.3,13,6.9,8.5,NA,NA,2020-02-19
28,15.7,21.3,12.9,6.9,8.5,NA,NA,2020-02-20
27.9,15.7,21.3,12.7,7,8.5,NA,NA,2020-02-22
28,15.9,21.2,12.6,6.8,8.7,NA,NA,2020-02-25
28,15.9,21.2,12.6,6.8,8.7,NA,NA,2020-02-26
28,16.1,21.3,12.3,6.8,8.7,NA,NA,2020-02-27
28,16.3,21.3,12.2,6.6,8.7,NA,NA,2020-02-29
27.8,16.4,21.5,12.3,6.5,8.7,NA,NA,2020-03-01
27.8,16.5,21.6,12.4,6.4,8.7,NA,NA,2020-03-03
27.7,16.6,21.7,12.2,6.3,8.7,NA,NA,2020-03-05
27.7,16.5,21.6,12.4,6.3,8.6,NA,NA,2020-03-06
27.6,16.4,21.6,12.4,6.3,8.6,NA,NA,2020-03-07
27.5,16.5,21.6,12.5,6.4,8.5,NA,NA,2020-03-08
27.5,16.5,21.5,12.5,6.5,8.5,NA,NA,2020-03-09
27.3,16.4,21.9,12.6,6.3,8.5,NA,NA,2020-03-12
27.6,16.3,21.7,12.5,6.3,8.5,NA,NA,2020-03-14
27.8,16.2,21.8,12.5,6.3,8.5,NA,NA,2020-03-16
28.1,16.2,21.8,12.3,6.3,8.4,NA,NA,2020-03-18
28.3,16.1,21.8,12.1,6.3,8.4,NA,NA,2020-03-19
28.3,16.1,21.9,12.1,6.3,8.4,NA,NA,2020-03-20
28.7,16.1,21.7,11.9,6.4,8.4,NA,NA,2020-03-21
29.3,16.1,21.4,11.7,6.4,8.1,NA,NA,2020-03-24
29.2,16.2,21.6,11.7,6.4,8.1,NA,NA,2020-03-25
29.6,16.2,21.5,11.5,6.4,8.1,NA,NA,2020-03-27
30.2,16.4,21.1,11.4,6.3,8,NA,NA,2020-03-28
30.4,16.4,20.9,11.4,6.3,8,NA,NA,2020-03-31
30.7,16.5,20.9,11.4,6.1,7.9,NA,NA,2020-04-02
30.7,16.5,20.8,11.5,6.1,8,NA,NA,2020-04-03
30.9,16.6,20.5,11.4,6.1,8,NA,NA,2020-04-04
31.8,16.7,20.4,11.1,6,7.9,NA,NA,2020-04-06
31.8,16.8,20.4,11.1,6.1,7.8,NA,NA,2020-04-07
32,16.8,20.3,11,6.1,7.8,NA,NA,2020-04-08
32.5,17,20,10.9,6,7.7,NA,NA,2020-04-09
33.3,17,19.2,10.7,5.9,7.7,NA,NA,2020-04-10
33.3,17,19.1,10.7,5.8,7.7,NA,NA,2020-04-11
33.6,16.9,18.9,10.7,5.8,7.7,NA,NA,2020-04-12
33.9,16.9,18.5,10.7,6,7.7,NA,NA,2020-04-14
34.1,17,18.4,10.6,6,7.7,NA,NA,2020-04-16
34.3,17,18.2,10.5,6,7.6,NA,NA,2020-04-18
34.4,16.9,18.6,10.5,5.9,7.5,NA,NA,2020-04-19
34.6,16.9,18.5,10.4,6,7.5,NA,NA,2020-04-21
35.1,17,18,10.2,6,7.4,NA,NA,2020-04-22
35.4,17,17.9,10.2,6,7.3,NA,NA,2020-04-23
35.6,16.9,18,10,5.9,7.3,NA,NA,2020-04-24
35.7,16.8,17.9,10.1,5.9,7.4,NA,NA,2020-04-25
35.7,16.7,17.8,10.1,5.9,7.4,NA,NA,2020-04-27
35.7,16.7,17.7,10.2,6,7.4,NA,NA,2020-04-28
35.8,16.8,17.6,10.2,6,7.3,NA,NA,2020-04-29
35.7,16.7,17.8,10.3,5.9,7.4,NA,NA,2020-04-30
35.6,16.7,17.7,10.4,5.9,7.4,NA,NA,2020-05-02
35.6,16.7,17.7,10.5,5.8,7.4,NA,NA,2020-05-04
35.6,16.7,17.5,10.5,5.8,7.4,NA,NA,2020-05-05
35.6,16.7,17.5,10.4,5.8,7.5,NA,NA,2020-05-07
35.9,16.7,17.4,10.5,5.7,7.3,NA,NA,2020-05-09
35.8,16.6,17.4,10.5,5.8,7.3,NA,NA,2020-05-12
36.2,16.5,17.2,10.5,5.9,7.1,NA,NA,2020-05-14
36.1,16.5,17.3,10.4,5.8,7.1,NA,NA,2020-05-15
36.2,16.4,17.4,10.3,5.9,7.2,NA,NA,2020-05-16
36.1,16.3,17.6,10.2,5.9,7.2,NA,NA,2020-05-18
36.2,16.4,17.7,10.2,5.8,7.1,NA,NA,2020-05-21
36.2,16.4,17.8,10,5.8,7.1,NA,NA,2020-05-23
36.2,16.5,17.8,10,5.8,7.1,NA,NA,2020-05-25
36.2,16.4,18.1,9.8,5.8,7.1,NA,NA,2020-05-27
36.1,16.4,18,9.9,5.7,7.3,NA,NA,2020-05-28
36.2,16.4,18.1,9.9,5.6,7.3,NA,NA,2020-05-29
36.3,16.4,18,9.9,5.8,7.2,NA,NA,2020-05-30
36.5,16.3,18,9.9,5.7,7.2,NA,NA,2020-06-03
36.5,16.4,18.1,9.7,5.7,7.3,NA,NA,2020-06-04
36.6,16.4,18.1,9.6,5.7,7.3,NA,NA,2020-06-05
36.5,16.4,17.9,9.4,5.7,7.4,NA,NA,2020-06-06
36.6,16.5,17.8,9.4,5.8,7.4,NA,NA,2020-06-09
36.6,16.5,18,9.4,5.7,7.3,NA,NA,2020-06-12
36.7,16.3,18.3,9.4,5.8,7.2,NA,NA,2020-06-13
36.4,16.4,18.5,9.5,5.7,7.1,NA,NA,2020-06-14
36.4,16.5,18.5,9.5,5.8,7.1,NA,NA,2020-06-15
36.5,16.4,18.3,9.5,5.8,7.1,NA,NA,2020-06-16
36.6,16.5,18.4,9.5,5.7,7.1,NA,NA,2020-06-18
36.5,16.5,18.5,9.6,5.7,7.1,NA,NA,2020-06-20
36.4,16.5,18.5,9.6,5.6,7.1,NA,NA,2020-06-22
36.4,16.5,18.5,9.6,5.6,7.1,NA,NA,2020-06-24
36,16.6,18.5,9.9,5.6,7.1,NA,NA,2020-06-25
36.1,16.6,18.5,10,5.6,7.2,NA,NA,2020-06-26
36,16.6,18.4,10,5.6,7.2,NA,NA,2020-06-27
35.9,16.7,18.3,10,5.7,7.1,NA,NA,2020-06-30
35.9,16.7,18.4,10,5.7,7.1,NA,NA,2020-07-02
35.9,16.7,18.5,10,5.6,7.1,NA,NA,2020-07-04
35.7,16.6,18.5,10.1,5.7,7.1,NA,NA,2020-07-07
35.8,16.6,18.6,10.1,5.7,7.1,NA,NA,2020-07-08
35.9,16.6,18.7,10,5.6,7.1,NA,NA,2020-07-10
35.9,16.6,18.7,10,5.7,7,NA,NA,2020-07-11
36,16.5,18.5,10.1,5.7,7,NA,NA,2020-07-12
36.1,16.4,18.5,10.1,5.8,7,NA,NA,2020-07-14
36,16.3,18.4,10.1,5.8,7.1,NA,NA,2020-07-15
36.1,16.4,18.4,9.9,5.8,7.2,NA,NA,2020-07-18
36.1,16.6,18.3,9.8,5.9,7.1,NA,NA,2020-07-21
36.2,16.5,18.8,9.8,5.7,7.1,NA,NA,2020-07-22
36.1,16.3,18.9,9.9,5.7,7.1,NA,NA,2020-07-23
36.1,16.3,18.9,9.9,5.7,7.1,NA,NA,2020-07-25
36.1,16.2,18.9,10,5.7,7.1,NA,NA,2020-07-26
36.1,16.1,19,10,5.7,7,NA,NA,2020-07-27
36.1,16.1,18.9,10.1,5.7,7,NA,NA,2020-07-28
36.1,16.1,18.9,10.1,5.7,7,NA,NA,2020-07-29
36.1,16.1,18.9,10.1,5.7,7,NA,NA,2020-07-30
36.1,16,19.1,10,5.6,7.1,NA,NA,2020-07-31
36.1,16,19.1,9.9,5.6,7.1,NA,NA,2020-08-01
36.1,16.1,19,9.9,5.6,7.1,NA,NA,2020-08-02
36.1,16.1,19,9.9,5.6,7.2,NA,NA,2020-08-04
36,16.1,18.8,10,5.7,7.2,NA,NA,2020-08-06
36,16.1,18.7,10,5.7,7.2,NA,NA,2020-08-08
36.1,16,18.8,10.1,5.7,7.3,NA,NA,2020-08-09
35.9,16.3,18.6,10.1,5.7,7.3,NA,NA,2020-08-11
35.9,16.4,18.5,10.1,5.8,7.3,NA,NA,2020-08-12
35.7,16.6,18.7,10.2,5.8,7.1,NA,NA,2020-08-15
35.5,16.9,18.5,10.2,5.8,7.1,NA,NA,2020-08-16
35.5,17.1,18.5,10.2,5.7,7.1,NA,NA,2020-08-18
35.4,17.1,18.4,10.1,5.7,7.2,NA,NA,2020-08-20
35.4,17.1,18.4,10.1,5.7,7.2,NA,NA,2020-08-21
35.3,17.2,18.2,10.2,5.6,7.3,NA,NA,2020-08-22
35.3,17.1,18.2,10.1,5.7,7.3,NA,NA,2020-08-23
35.2,17.1,18.1,10.1,5.8,7.4,NA,NA,2020-08-25
35.4,17.1,18.3,10,5.7,7.3,NA,NA,2020-08-27
35.5,17.1,18.4,10,5.6,7.3,NA,NA,2020-08-28
35.5,17.1,18.5,9.9,5.5,7.3,NA,NA,2020-08-29
35.5,17.1,18.6,10,5.5,7.3,NA,NA,2020-08-30
35.5,17,18.7,10,5.5,7.1,NA,NA,2020-09-01
35.2,17.1,18.9,10,5.5,7.1,NA,NA,2020-09-02
35.1,17.2,19,10,5.5,7.1,NA,NA,2020-09-03
35.1,17.2,19,10,5.5,7.1,NA,NA,2020-09-04
35.1,17.2,18.9,10,5.5,7.2,NA,NA,2020-09-05
35.1,17.2,18.9,10,5.5,7.2,NA,NA,2020-09-06
34.9,17.2,19,10.1,5.6,7.2,NA,NA,2020-09-08
34.9,17.2,18.8,10.1,5.6,7.3,NA,NA,2020-09-10
34.8,17.2,18.8,10.1,5.6,7.4,NA,NA,2020-09-12
34.8,17.2,18.8,10,5.6,7.5,NA,NA,2020-09-13
34.8,17.2,18.6,10.1,5.7,7.4,NA,NA,2020-09-15
34.8,17.3,18.7,10.1,5.7,7.3,NA,NA,2020-09-17
34.8,17.2,18.9,10.1,5.6,7.4,NA,NA,2020-09-18
34.8,16.9,19.3,10.1,5.5,7.3,NA,NA,2020-09-19
34.8,17,19.3,10.1,5.5,7.2,NA,NA,2020-09-22
34.8,17,19.4,10,5.5,7.1,NA,NA,2020-09-23
34.7,16.9,19.3,10.2,5.5,7.2,NA,NA,2020-09-25
34.7,16.9,19.3,10.2,5.6,7.2,NA,NA,2020-09-26
34.7,16.9,19.3,10.3,5.7,7.2,NA,NA,2020-09-27
34.6,16.9,19.4,10.2,5.7,7.1,NA,NA,2020-09-29
34.5,16.8,19.5,10.2,5.8,7.2,NA,NA,2020-10-01
34.6,16.8,19.4,10.2,5.8,7.1,NA,NA,2020-10-03
34.5,16.8,19.4,10.2,5.8,7.2,NA,NA,2020-10-04
34.6,16.7,19.4,10.2,5.7,7.2,NA,NA,2020-10-06
34.5,16.6,19.6,10.3,5.7,7.2,NA,NA,2020-10-07
34.5,16.5,19.7,10.3,5.7,7.2,NA,NA,2020-10-08
34.5,16.5,19.8,10.4,5.7,7.2,NA,NA,2020-10-09
34.5,16.5,19.7,10.3,5.5,7.3,NA,NA,2020-10-10
34.4,16.6,19.9,10.1,5.4,7.2,NA,NA,2020-10-11
34.4,16.7,19.9,10.1,5.4,7.1,NA,NA,2020-10-12
34.4,16.7,19.8,10.1,5.6,7.2,NA,NA,2020-10-13
34.4,16.5,20.4,10.1,5.5,7.1,NA,NA,2020-10-15
34.4,16.4,20.3,10.2,5.5,7,NA,NA,2020-10-16
34.4,16.4,20.3,10.2,5.7,6.9,NA,NA,2020-10-17
34.4,16.3,20.2,10.3,5.7,7,NA,NA,2020-10-20
34.4,16.3,20.1,10.3,5.7,7,NA,NA,2020-10-21
34.6,16.4,20.2,10.2,5.6,7,NA,NA,2020-10-23
34.5,16.3,20.2,10.3,5.7,7,NA,NA,2020-10-24
34.6,16.3,20.1,10.3,5.6,7,NA,NA,2020-10-27
34.5,16.3,20,10.5,5.6,7.1,NA,NA,2020-10-30
34.3,16.6,19.6,10.6,5.8,7.3,NA,NA,2020-10-31
34.3,16.6,19.6,10.5,5.8,7.3,NA,NA,2020-11-01
33.9,16.6,19.5,10.5,5.8,7.6,NA,NA,2020-11-03
33.9,16.7,19.5,10.5,5.8,7.6,NA,NA,2020-11-06
34.1,16.6,19.3,10.5,5.9,7.7,NA,NA,2020-11-07
34.1,16.7,19.1,10.4,6,7.6,NA,NA,2020-11-08
34.2,16.6,19.2,10.4,5.9,7.5,NA,NA,2020-11-09
34.2,16.6,19,10.5,6,7.4,NA,NA,2020-11-10
34.2,16.6,19,10.5,6,7.4,NA,NA,2020-11-11
34.2,16.5,19.1,10.5,6,7.4,NA,NA,2020-11-12
34.3,16.6,19.2,10.4,5.9,7.3,NA,NA,2020-11-13
34.3,16.6,19.2,10.4,5.8,7.3,NA,NA,2020-11-14
34.2,16.5,19.3,10.4,5.8,7.3,NA,NA,2020-11-15
34.4,16.5,19.3,10.3,5.9,7.3,NA,NA,2020-11-17
34.5,16.6,19.2,10.2,5.9,7.3,NA,NA,2020-11-18
34.7,16.7,18.9,10.3,6,7.3,NA,NA,2020-11-19
34.6,16.8,18.9,10.2,6.1,7.3,NA,NA,2020-11-21
34.7,16.9,18.8,10.2,6.1,7.2,NA,NA,2020-11-22
34.6,16.9,18.8,10.2,6.1,7.2,NA,NA,2020-11-24
34.7,16.9,18.7,10.2,6.1,7.2,NA,NA,2020-11-25
34.8,16.8,18.7,10.2,6.1,7.3,NA,NA,2020-11-26
34.7,16.8,18.9,10.3,6.1,7.3,NA,NA,2020-11-27
34.7,16.7,19.1,10.1,6.1,7.4,NA,NA,2020-11-28
34.6,16.7,19,10.1,6.2,7.4,NA,NA,2020-11-29
34.5,16.7,19,10.1,6.3,7.4,NA,NA,2020-11-30
34.5,16.7,19,10.1,6.3,7.4,NA,NA,2020-12-02
34.5,16.7,19.1,10.1,6.2,7.4,NA,NA,2020-12-03
34.4,16.7,19,10.1,6.2,7.4,NA,NA,2020-12-05
34.5,16.6,19.1,10.2,6.1,7.4,NA,NA,2020-12-06
34.5,16.6,19.1,10.1,6.2,7.5,NA,NA,2020-12-08
34.6,16.6,19.2,10,6.3,7.3,NA,NA,2020-12-09
34.7,16.7,19.2,10.1,6.2,7.3,NA,NA,2020-12-10
34.7,16.8,19.1,10,6.2,7.3,NA,NA,2020-12-11
34.8,16.8,19.1,10,6.1,7.3,NA,NA,2020-12-12
34.8,16.8,19.1,10,6.1,7.2,NA,NA,2020-12-13
34.8,17,19.1,10,6,7.2,NA,NA,2020-12-15
34.8,17.1,19.1,9.9,6.1,7.1,NA,NA,2020-12-16
34.7,17,19.5,9.8,6.1,7,NA,NA,2020-12-17
34.8,17,19.4,9.9,6.1,7,NA,NA,2020-12-18
34.8,17.1,19.3,9.9,6.1,7.1,NA,NA,2020-12-19
34.8,17,19.3,9.8,6.1,7.1,NA,NA,2020-12-20
34.7,17,19.2,10,6.2,7.1,NA,NA,2020-12-22
34.6,16.9,19.1,10,6.2,7.3,NA,NA,2020-12-26
34.6,16.9,18.8,10,6.2,7.4,NA,NA,2021-01-04
34.8,16.7,18.9,9.9,6.3,7.2,NA,NA,2021-01-05
34.8,16.6,18.9,10,6.2,7.4,NA,NA,2021-01-06
34.7,16.4,19.2,10,6.3,7.2,NA,NA,2021-01-07
34.7,16.3,19.4,9.8,6.4,7.2,NA,NA,2021-01-09
34.7,16.3,19.4,9.7,6.4,7.2,NA,NA,2021-01-12
34.7,16.4,19.1,9.8,6.5,7.4,NA,NA,2021-01-13
34.7,16.4,19.1,9.8,6.5,7.4,NA,NA,2021-01-14
34.8,16.4,19.2,9.8,6.3,7.4,NA,NA,2021-01-15
34.8,16.4,19.1,9.9,6.3,7.4,NA,NA,2021-01-17
34.6,16.5,18.9,10,6.5,7.4,NA,NA,2021-01-18
34.4,16.6,19,10,6.5,7.2,NA,NA,2021-01-21
34.4,16.6,19,10,6.5,7.2,NA,NA,2021-01-23
34.4,16.6,19.2,9.9,6.5,7.2,NA,NA,2021-01-24
34.5,16.6,19.1,9.9,6.5,7.1,NA,NA,2021-01-26
34.5,16.6,19,9.9,6.5,7.1,NA,NA,2021-01-27
34.5,16.8,19.1,9.8,6.6,7.1,NA,NA,2021-01-28
35,16.1,19.6,9.6,6.6,6.8,NA,NA,2021-01-31
35.2,16,19.6,9.6,6.6,6.9,NA,NA,2021-02-02
34.9,15.9,19.9,9.5,6.8,6.9,NA,NA,2021-02-04
34.9,15.9,19.9,9.5,6.7,6.9,NA,NA,2021-02-05
34.9,16,19.9,9.5,6.7,6.8,NA,NA,2021-02-07
34.7,16.1,19.9,9.5,6.8,6.9,NA,NA,2021-02-08
34.7,16.1,19.9,9.5,6.9,6.8,NA,NA,2021-02-09
34.8,16.1,19.8,9.5,7,6.9,NA,NA,2021-02-13
34.6,16.2,19.7,9.6,7.1,6.9,NA,NA,2021-02-14
34.6,16.4,19.5,9.6,7.1,6.9,NA,NA,2021-02-15
34.5,16.5,19.5,9.6,7.1,7,NA,NA,2021-02-16
34.3,16.4,19.6,9.6,7.1,7,NA,NA,2021-02-17
34.1,16.5,19.6,9.8,7.2,7,NA,NA,2021-02-18
34.1,16.4,19.6,9.7,7.2,7.1,NA,NA,2021-02-20
34,16.4,19.6,9.7,7.3,6.8,NA,NA,2021-02-23
34,16.4,19.7,9.7,7.2,6.8,NA,NA,2021-02-24
34.1,16.3,19.8,9.7,7.2,6.8,NA,NA,2021-02-25
34,16.3,19.7,9.9,7.2,6.8,NA,NA,2021-02-26
34,16.3,19.6,9.8,7.2,6.9,NA,NA,2021-02-27
33.8,16.4,19.6,9.9,7.2,7,NA,NA,2021-03-02
33.5,16.4,19.6,10,7.2,7,NA,NA,2021-03-04
33.5,16.4,19.6,10,7.2,7,NA,NA,2021-03-05
33.3,16.4,19.7,10.1,7.3,7,NA,NA,2021-03-07
32.9,16.4,19.7,10.2,7.4,7.1,NA,NA,2021-03-08
32.9,16.4,19.7,10.2,7.4,7.1,NA,NA,2021-03-09
32.9,16.4,19.5,10.3,7.5,7.1,NA,NA,2021-03-10
32.8,16.4,19.6,10.3,7.5,7.1,NA,NA,2021-03-11
32.8,16.5,19.6,10.3,7.5,7.1,NA,NA,2021-03-12
32.5,16.5,19.5,10.4,7.4,7.1,NA,NA,2021-03-14
32.3,16.6,19.4,10.2,7.5,7,NA,NA,2021-03-15
31.5,16.7,20,10.2,7.6,7,NA,NA,2021-03-17
31.2,16.8,20.1,10.2,7.7,7,NA,NA,2021-03-18
30.9,16.9,20.4,10.2,7.7,7,NA,NA,2021-03-20
30.5,17,20.7,10.1,7.9,7,NA,NA,2021-03-21
30.5,17,20.7,10.1,8,6.9,NA,NA,2021-03-22
30.2,17,21,10,8,6.9,NA,NA,2021-03-24
30.1,17,21,10,8.1,6.9,NA,NA,2021-03-25
30.1,16.9,21.1,10.2,8,6.9,NA,NA,2021-03-26
29.9,16.9,21.2,10.2,8,7,NA,NA,2021-03-28
29.7,16.8,21.1,10.2,8.2,7,NA,NA,2021-03-29
28.8,17,21.2,10.4,8.5,6.9,NA,NA,2021-03-30
28.9,16.9,21.3,10.4,8.5,6.8,NA,NA,2021-03-31
28.9,16.9,21.3,10.4,8.5,6.9,NA,NA,2021-04-01
28.9,16.8,21.3,10.4,8.4,6.9,NA,NA,2021-04-04
28.9,16.8,21.3,10.5,8.4,6.9,NA,NA,2021-04-05
28.9,16.7,21.3,10.4,8.5,6.9,NA,NA,2021-04-07
28.7,16.7,21.4,10.4,8.5,6.9,NA,NA,2021-04-08
27.8,16.7,21.5,10.8,8.9,6.9,NA,NA,2021-04-11
27.8,16.7,21.5,10.8,8.9,6.8,NA,NA,2021-04-12
28,16.5,21.5,10.8,8.7,6.9,NA,NA,2021-04-14
28.1,16.5,21.4,10.8,8.9,6.9,NA,NA,2021-04-15
28.4,16.5,21.3,10.8,8.9,6.9,NA,NA,2021-04-16
28.5,16.5,21.3,10.8,8.8,6.9,NA,NA,2021-04-18
28,16,21.9,10.8,9.2,6.7,NA,NA,2021-04-20
27.9,16.2,22.2,10.7,9.1,6.7,NA,NA,2021-04-21
27.6,16.3,22.4,10.6,9.3,6.7,NA,NA,2021-04-23
27.5,16.2,22.9,10.6,9.2,6.6,NA,NA,2021-04-25
27.1,16.2,23.3,10.5,9.4,6.5,NA,NA,2021-04-26
26.9,16.1,23.2,10.6,9.4,6.5,NA,NA,2021-04-27
26.7,16.1,23.6,10.5,9.5,6.5,NA,NA,2021-04-28
26.7,16.1,23.6,10.6,9.5,6.5,NA,NA,2021-04-29
26.5,16.1,23.6,10.6,9.5,6.6,NA,NA,2021-04-30
26.5,16.1,23.6,10.6,9.5,6.6,NA,NA,2021-05-01
26.3,16.2,23.6,10.6,9.6,6.6,NA,NA,2021-05-02
26.3,16.1,23.7,10.6,9.7,6.5,NA,NA,2021-05-03
26.4,16.2,23.7,10.5,9.7,6.4,NA,NA,2021-05-05
26.3,16.1,23.7,10.6,9.7,6.3,NA,2.8,2021-05-06
26,16,24,10.7,9.7,6.3,NA,2.8,2021-05-07
26,16.1,23.9,10.7,9.8,6.3,NA,2.8,2021-05-08
26.1,16.1,23.8,10.6,9.8,6.4,NA,2.7,2021-05-10
25.7,16.3,23.9,10.7,9.8,6.6,NA,2.7,2021-05-11
25.9,16.5,23.7,10.7,9.8,6.6,NA,NA,2021-05-12
25.9,16.5,23.6,10.8,9.8,6.7,NA,NA,2021-05-15
25.9,16.5,23.6,10.9,9.7,6.7,NA,NA,2021-05-16
26,16.6,23.5,10.9,9.7,6.7,NA,NA,2021-05-17
25.9,16.6,23.4,10.8,9.9,6.6,NA,NA,2021-05-18
26,16.5,23.2,10.6,9.9,6.5,NA,NA,2021-05-19
26,16.5,23.3,10.7,10,6.4,NA,NA,2021-05-20
26,16.4,23.2,10.7,10,6.5,NA,2.8,2021-05-21
25.9,16.5,23.2,10.8,10,6.4,NA,2.7,2021-05-23
25.8,16.4,23.2,10.7,10.1,6.5,NA,2.7,2021-05-25
26,16.3,23,10.7,10.4,6.5,NA,2.7,2021-05-26
26.1,16.3,22.9,10.7,10.4,6.5,NA,2.7,2021-05-27
26.1,16.2,22.8,10.9,10.4,6.6,NA,2.7,2021-05-28
26,16.2,22.8,10.9,10.4,6.6,NA,2.7,2021-05-29
26,16.1,22.7,10.9,10.5,6.6,NA,2.7,2021-06-01
26.3,16.1,22.6,10.7,10.5,6.5,NA,2.7,2021-06-02
26.3,16.1,22.6,10.7,10.5,6.5,NA,2.7,2021-06-03
26.3,16.1,22.5,10.7,10.5,6.5,NA,2.7,2021-06-04
26.2,16.2,22.4,10.7,10.6,6.5,NA,2.8,2021-06-05
26.2,16.3,22.3,10.8,10.5,6.5,NA,2.8,2021-06-06
26.4,16.2,22.2,10.6,10.7,6.6,NA,2.8,2021-06-07
26.6,16.2,21.9,10.6,10.7,6.5,NA,2.8,2021-06-09
26.9,16.1,21.7,10.7,10.5,6.6,NA,3,2021-06-10
27,16.1,21.7,10.7,10.6,6.6,NA,2.9,2021-06-11
27,16.2,21.6,10.7,10.5,6.5,NA,3,2021-06-12
27.1,16.3,21.5,10.7,10.6,6.4,NA,2.9,2021-06-14
27.7,16.4,21.4,10.3,10.7,6.4,NA,2.8,2021-06-16
27.7,16.4,21.4,10.3,10.7,6.4,NA,2.8,2021-06-17
27.7,16.5,21.3,10.3,10.6,6.4,NA,2.8,2021-06-18
27.7,16.4,21.3,10.3,10.6,6.4,NA,2.8,2021-06-20
27.7,16.5,21.3,10.3,10.5,6.5,NA,2.8,2021-06-21
27.8,16.4,21.2,10.2,10.6,6.5,NA,2.8,2021-06-22
27.9,16.5,21.3,10.2,10.5,6.4,NA,2.8,2021-06-23
27.8,16.5,21.3,10.3,10.4,6.4,NA,2.8,2021-06-24
27.9,16.4,21.3,10.3,10.3,6.4,NA,2.9,2021-06-25
27.8,16.5,21.3,10.3,10.2,6.4,NA,2.9,2021-06-27
28,16.5,21.2,10.3,10.3,6.5,NA,2.9,2021-06-28
27.9,16.4,21.2,10.3,10.2,6.6,NA,2.9,2021-06-29
27.9,16.4,21.2,10.3,10.2,6.6,NA,3,2021-06-30
27.9,16.4,21.1,10.3,10.2,6.7,NA,NA,2021-07-01
27.9,16.4,21,10.4,10.1,6.6,NA,NA,2021-07-02
27.9,16.4,21,10.3,10,6.6,NA,NA,2021-07-04
28,16.6,20.8,10.3,10,6.6,NA,NA,2021-07-07
28,16.6,20.6,10.4,10,6.8,NA,NA,2021-07-10
28,16.6,20.6,10.4,10.1,6.7,NA,NA,2021-07-12
27.9,16.7,20.5,10.4,10.2,6.6,NA,NA,2021-07-14
27.8,16.8,20.5,10.4,10.2,6.6,NA,NA,2021-07-15
27.8,16.7,20.5,10.4,10.1,6.7,NA,NA,2021-07-16
27.8,16.8,20.6,10.4,10.1,6.7,NA,NA,2021-07-18
27.9,16.8,20.5,10.4,10.1,6.5,NA,NA,2021-07-19
28.1,16.8,20.4,10.4,10.1,6.5,NA,NA,2021-07-20
27.7,17.1,20.4,10.4,10.3,6.4,NA,NA,2021-07-21
27.8,17.1,20.3,10.3,10.4,6.4,NA,NA,2021-07-22
27.8,17.1,20.2,10.4,10.4,6.3,NA,NA,2021-07-23
27.6,17.2,20.2,10.3,10.5,6.4,NA,NA,2021-07-25
27.6,17.2,20.2,10.4,10.5,6.3,NA,NA,2021-07-27
27.6,17,20.3,10.4,10.6,6.4,NA,NA,2021-07-28
27.4,17.1,20.2,10.5,10.6,6.5,NA,3.1,2021-07-30
27.4,17.2,20.1,10.5,10.6,6.5,NA,3.1,2021-07-31
27.4,17.1,20.1,10.5,10.6,6.5,NA,3.1,2021-08-01
27.5,17.2,20.1,10.5,10.6,6.6,NA,3,2021-08-02
27.4,17.4,20.1,10.5,10.5,6.5,NA,3.1,2021-08-03
27.1,17.4,20.3,10.5,10.5,6.5,NA,3.1,2021-08-04
27,17.5,20.3,10.5,10.5,6.4,NA,3.1,2021-08-05
26.9,17.5,20.4,10.5,10.4,6.4,NA,3.1,2021-08-08
26.8,17.5,20.4,10.6,10.5,6.3,NA,3.1,2021-08-10
26.3,17.8,20.3,10.6,10.4,6.5,NA,3.1,2021-08-11
26.1,18,20.2,10.5,10.3,6.5,NA,3.1,2021-08-13
26.1,18.2,20.2,10.5,10.3,6.6,NA,NA,2021-08-14
26,18.2,20.2,10.5,10.4,6.6,NA,NA,2021-08-15
26.2,18.4,20.1,10.5,10.3,6.6,NA,NA,2021-08-16
25.8,19,20,10.5,10.3,6.5,NA,NA,2021-08-18
25.8,19.2,19.7,10.6,10.3,6.6,NA,NA,2021-08-19
25.8,19.2,19.7,10.5,10.2,6.6,NA,NA,2021-08-20
25.6,19.4,19.6,10.5,10.3,6.6,NA,NA,2021-08-22
25.6,19.5,19.6,10.5,10.3,6.6,NA,NA,2021-08-23
25.5,19.7,19.5,10.5,10.3,6.6,NA,NA,2021-08-24
25.3,19.9,19.3,10.6,10.4,6.6,NA,NA,2021-08-25
25,20.5,19.1,10.5,10.5,6.5,NA,NA,2021-08-26
24.8,20.8,19.2,10.5,10.5,6.5,NA,2.8,2021-08-27
24.7,21,19.1,10.5,10.4,6.4,NA,2.9,2021-08-28
24.6,21.1,19.1,10.5,10.5,6.4,NA,2.8,2021-08-30
24.3,21.5,19.1,10.5,10.5,6.4,NA,2.8,2021-08-31
24.3,21.8,18.9,10.4,10.4,6.3,NA,2.8,2021-09-01
24.1,22,18.9,10.5,10.4,6.3,NA,2.8,2021-09-02
24,22.2,18.7,10.5,10.5,6.4,NA,NA,2021-09-03
24,22.2,18.7,10.6,10.4,6.4,NA,NA,2021-09-05
24,22.3,18.6,10.5,10.4,6.3,NA,3,2021-09-06
24,22.4,18.6,10.5,10.5,6.3,NA,3,2021-09-07
23.9,22.6,18.3,10.6,10.4,6.3,NA,3,2021-09-08
23.9,22.7,18.3,10.6,10.4,6.2,NA,3,2021-09-09
23.9,22.8,18.2,10.6,10.3,6.1,NA,3.1,2021-09-10
23.9,22.8,18.2,10.6,10.3,6.1,NA,3.1,2021-09-12
23.9,22.8,18.2,10.6,10.3,6.1,NA,3.1,2021-09-13
24,22.8,18.2,10.6,10.3,6.1,NA,2.9,2021-09-14
24,22.8,18.2,10.5,10.3,6.1,NA,2.9,2021-09-15
24,22.8,18.1,10.5,10.2,6.2,NA,2.8,2021-09-16
24,22.9,18.2,10.5,10.1,6.2,NA,2.8,2021-09-17
24,22.9,18.2,10.4,10.1,6.2,NA,2.8,2021-09-18
24.1,22.8,18.2,10.4,10.1,6.2,NA,2.8,2021-09-20
24.2,22.8,18.2,10.4,10.1,6.2,NA,2.9,2021-09-21
24.3,22.7,18,10.4,10.1,6.2,NA,2.8,2021-09-23
24.5,22.7,18,10.3,10.2,6.2,NA,2.9,2021-09-24
23.3,23.9,18.2,9.9,10.9,5.5,NA,NA,2021-10-01
23.6,23.9,18.2,9.9,10.7,5.5,NA,NA,2021-10-03
23.5,24.1,18.2,9.9,10.7,5.4,NA,NA,2021-10-04
23.4,23.7,18.1,9.8,11.2,5.3,NA,NA,2021-10-05
23.2,23.8,18,9.9,11.3,5.5,NA,NA,2021-10-06
23.2,23.7,18.2,9.9,11.2,5.5,NA,3,2021-10-09
23.1,23.7,18.1,9.9,11.3,5.5,NA,3,2021-10-10
23.1,23.7,18.2,10.1,11.4,5.4,NA,2.9,2021-10-11
21.8,26.7,15.8,10,12.4,5.3,NA,2.8,2021-10-12
21.6,26.7,15.7,10,12.6,5.2,NA,2.8,2021-10-13
21.4,26.6,15.9,10,12.6,5.2,NA,NA,2021-10-14
21.3,26.7,16,10.1,12.6,5.2,NA,NA,2021-10-15
21.2,26.6,16,10.2,12.4,5.1,NA,NA,2021-10-16
21.1,26.6,16,10.3,12.6,5.2,NA,NA,2021-10-18
21.1,26.6,16,10.2,12.7,5.2,NA,NA,2021-10-19
21.6,26.4,15.8,10.3,12.7,5.2,NA,NA,2021-10-20
21.3,26.5,15.8,10.3,12.7,5.3,NA,NA,2021-10-21
20.9,26.9,15.7,10.3,12.9,5.2,NA,NA,2021-10-22
21,26.8,15.7,10.4,12.8,5.2,NA,NA,2021-10-23
21.3,26.5,16,10.3,12.6,5.1,NA,NA,2021-10-24
21.3,26.6,15.9,10.3,12.6,5.2,NA,NA,2021-10-25
21.2,26.7,16,10.2,12.8,5.1,NA,NA,2021-10-26
21.3,26.7,16,10.3,12.7,5,NA,NA,2021-10-27
21.5,26.7,16,10.2,12.6,4.9,NA,NA,2021-10-28
21.5,26.6,15.9,10.3,12.6,4.9,NA,NA,2021-10-29
21.5,26.6,16,10.3,12.7,4.9,NA,NA,2021-10-30
21.9,26.4,16,10.2,12.6,4.9,NA,NA,2021-10-31
21.9,26.4,15.9,10.2,12.6,5,NA,NA,2021-11-02
22,26.5,15.9,10.1,12.5,5,NA,NA,2021-11-03
21.9,26.6,15.9,10.1,12.5,5,NA,NA,2021-11-04
21.9,26.5,16,10.1,12.6,4.9,NA,NA,2021-11-05
22.1,26.5,15.8,10,12.6,4.9,NA,2.8,2021-11-06
22,26.6,15.8,10,12.6,4.9,NA,2.7,2021-11-07
22.1,26.6,15.9,10,12.5,4.9,NA,2.8,2021-11-09
22,26.6,15.9,10,12.5,4.9,NA,2.9,2021-11-10
21.9,26.7,15.9,10,12.5,4.9,NA,2.9,2021-11-12
21.9,26.7,15.9,10,12.5,5,NA,NA,2021-11-13
22,26.7,15.9,10,12.5,4.9,NA,NA,2021-11-14
21.9,26.7,15.9,10.1,12.5,5,NA,NA,2021-11-15
21.9,26.6,15.9,10.1,12.3,5,NA,NA,2021-11-16
22,26.6,15.9,10.2,12.2,5,NA,NA,2021-11-17
22.1,26.7,15.9,10.1,12.3,5,NA,NA,2021-11-18
22.2,26.6,16,10.1,12.2,4.9,NA,NA,2021-11-19
22.2,26.5,16.1,10.2,12,4.9,NA,NA,2021-11-20
22.2,26.4,16.1,10.2,12,4.9,NA,NA,2021-11-21
22.3,26.4,16,10.1,12.1,4.9,NA,NA,2021-11-22
22.3,26.3,16,10.1,12.1,4.9,NA,NA,2021-11-23
22.4,26.2,15.9,10.2,11.8,5,NA,NA,2021-11-24
22.4,26.1,16,10.3,12,5,NA,NA,2021-11-25
22.4,26.1,16.1,10.4,11.8,5.1,NA,2.6,2021-11-26
22.4,26.1,16.1,10.4,11.8,5.1,NA,2.6,2021-11-27
22.4,25.8,16.2,10.7,11.7,5.2,NA,2.6,2021-11-28
22.4,25.7,16.3,10.6,11.7,5.2,NA,2.6,2021-11-29
22.4,25.7,16.3,10.6,11.7,5.2,NA,2.6,2021-11-30
22.4,25.8,16.3,10.6,11.7,5.2,NA,2.6,2021-12-01
22.6,25.7,16.3,10.6,11.7,5.2,NA,2.6,2021-12-02
22.6,25.7,16.3,10.6,11.7,5.2,NA,2.6,2021-12-03
22.5,25.9,16.1,10.6,11.7,5.2,NA,2.6,2021-12-04
22.2,26,16.1,10.6,11.8,5.1,NA,2.6,2021-12-06
22.2,26.1,16.2,10.6,11.8,5.1,NA,2.6,2021-12-07
22.2,26.1,16.1,10.6,11.7,5.1,NA,2.6,2021-12-08
22.2,26.2,16.1,10.6,11.7,5.1,NA,2.6,2021-12-09
22.3,26.2,16.1,10.6,11.7,5.1,NA,2.6,2021-12-10
22.4,26.3,16,10.5,11.6,5,NA,2.8,2021-12-11
22.4,26.4,16,10.5,11.6,5,NA,2.8,2021-12-13
22.5,26.5,15.9,10.5,11.6,5.1,NA,2.7,2021-12-14
22.7,26.1,16.1,10.4,11.3,5.1,NA,3,2021-12-15
22.8,26.2,16.1,10.4,11.1,5.1,NA,2.9,2021-12-17
22.9,26.1,16.1,10.3,11.1,5.1,NA,2.7,2021-12-18
23.1,26.3,15.9,10.3,11,5.1,NA,2.7,2021-12-19
23.1,26.2,16,10.3,11.1,5.2,NA,2.7,2021-12-20
23.2,26.2,16.1,10.2,11,5.2,NA,2.7,2021-12-21
23.5,26.1,16,10.1,11,5,NA,2.7,2021-12-22
23.5,26.2,16,10.1,11,5,NA,2.7,2021-12-24
23.6,26.2,16,10,10.8,5,NA,2.7,2021-12-26
23.6,26.2,16,10.1,10.8,5,NA,2.7,2021-12-27
23.6,26.2,16,10.1,11.1,5,NA,2.7,2021-12-30
23.8,26.1,16,10,10.9,5,NA,2.7,2022-01-01
23.7,26,16,10.1,11,5.2,NA,2.7,2022-01-03
23.8,25.9,16,10.2,11.1,5,NA,2.7,2022-01-04
23.9,25.8,16,10.3,11.2,5,NA,2.5,2022-01-05
23.9,25.7,16,10.4,11.1,5,NA,NA,2022-01-06
23.9,25.7,16.1,10.3,11.3,4.9,NA,NA,2022-01-08
24,25.5,16,10.7,11.4,4.9,NA,NA,2022-01-10
24.2,25.3,16.2,10.3,11.1,4.9,NA,NA,2022-01-11
23.9,25.2,16.1,10.5,11.1,5,NA,NA,2022-01-12
23.8,25.3,16.1,10.4,11.1,5.1,NA,NA,2022-01-14
23.8,25.3,16.2,10.3,11,5.2,NA,NA,2022-01-15
23.8,25.4,16.3,10.3,10.9,5.2,NA,NA,2022-01-16
23.8,25.3,16.2,10.3,11,5.3,NA,NA,2022-01-17
23.8,25.4,16.2,10.3,11,5.2,NA,NA,2022-01-18
23.9,25.4,16.2,10.3,10.9,5.2,NA,NA,2022-01-19
24.2,25,16.2,10.6,10.4,5.3,NA,NA,2022-01-20
24.4,25,16,10.9,10.2,5.4,NA,NA,2022-01-22
24.4,25,15.9,10.9,10.1,5.4,NA,NA,2022-01-24
24.4,24.9,15.9,10.8,10.1,5.5,NA,NA,2022-01-25
24.4,25,15.8,10.8,10.3,5.5,NA,NA,2022-01-26
24.8,24.7,15.9,10.8,9.8,5.8,NA,2.4,2022-01-28
24.9,24.6,16,10.7,9.9,5.8,NA,2.4,2022-01-29
24.7,24.7,16.3,10.7,9.8,5.7,NA,2.4,2022-01-30
24.9,24.5,16.3,10.6,9.9,5.7,NA,2.4,2022-01-31
25.1,24.4,16.3,10.5,9.8,5.7,NA,2.4,2022-02-01
25.1,24.4,16.3,10.5,9.9,5.7,NA,2.4,2022-02-02
25.5,23.9,16.3,10.6,9.8,5.7,NA,2.4,2022-02-03
25.4,23.9,16.3,10.6,9.7,5.7,NA,2.4,2022-02-05
25.6,23.8,16.3,10.7,9.6,5.7,NA,2.4,2022-02-06
25.5,23.9,16.2,10.7,9.7,5.7,NA,2.4,2022-02-07
25.5,23.8,16.2,10.7,9.7,5.7,NA,2.4,2022-02-08
25.6,23.8,16.2,10.8,9.5,5.9,NA,2.4,2022-02-09
25.8,23.7,16.2,10.9,9.4,5.9,NA,2.4,2022-02-11
25.9,23.5,16.2,11,9.4,5.8,NA,2.4,2022-02-12
25.8,23.6,16.2,11,9.5,5.8,NA,2.4,2022-02-14
25.6,23.9,16.1,10.8,9.6,5.8,NA,NA,2022-02-15
25.6,23.9,16.1,10.8,9.6,5.8,NA,NA,2022-02-16
25.7,24.1,16,10.8,9.5,5.8,NA,NA,2022-02-17
25.5,24.2,16,10.8,9.5,5.8,NA,NA,2022-02-19
25.6,24.2,15.9,10.8,9.5,5.9,NA,NA,2022-02-20
25.7,24,16,10.7,9.6,5.8,NA,2.1,2022-02-21
25.7,24.2,16,10.7,9.5,5.8,NA,2.1,2022-02-22
25.9,24.2,15.9,10.6,9.5,5.8,NA,2.1,2022-02-23
26,24.2,15.9,10.5,9.5,5.9,NA,2.1,2022-02-24
26,24.3,15.9,10.4,9.4,5.9,NA,2,2022-02-26
25.9,24.4,16,10.5,9.5,5.8,NA,2,2022-02-27
26.1,24.3,16.1,10.1,9.6,5.8,NA,2.1,2022-03-01
26.1,24.4,16.1,10.1,9.6,5.7,NA,2.1,2022-03-03
26.2,24.4,16.2,10,9.5,5.7,NA,2.1,2022-03-04
26.3,24.4,16.2,10,9.5,5.7,NA,2.1,2022-03-05
26.1,24.6,16.2,10,9.5,5.6,NA,2.1,2022-03-06
26,24.6,16.2,10,9.5,5.6,NA,2.1,2022-03-07
26,24.7,16.2,9.9,9.5,5.6,NA,2.1,2022-03-08
26,24.7,16.2,9.9,9.5,5.6,NA,2,2022-03-09
26.2,24.6,16.4,9.9,9.4,5.6,NA,NA,2022-03-10
26.1,24.6,16.5,9.9,9.4,5.5,NA,NA,2022-03-11
26.1,24.5,16.6,9.9,9.3,5.5,NA,NA,2022-03-12
26.1,24.6,16.6,9.8,9.3,5.5,NA,NA,2022-03-13
26.4,24.7,16.7,9.6,9.2,5.2,NA,NA,2022-03-14
26.5,24.7,16.7,9.7,9.2,5.2,NA,NA,2022-03-15
26.6,24.5,16.8,9.8,9.1,5.2,NA,NA,2022-03-16
26.7,24.4,16.9,9.8,9.1,5,NA,NA,2022-03-17
26.7,24.4,16.9,9.8,9.1,5,NA,NA,2022-03-18
26.7,24.5,16.9,9.7,9.1,5,NA,NA,2022-03-19
26.7,24.6,16.9,9.6,9.1,5,NA,NA,2022-03-20
26.8,24.6,17.1,9.6,9.1,4.8,NA,NA,2022-03-21
26.9,24.4,17.1,9.6,9.2,4.8,NA,NA,2022-03-22
26.9,24.4,17.1,9.6,9.2,4.8,NA,NA,2022-03-23
26.8,24.3,17.2,9.5,9.2,4.8,NA,NA,2022-03-24
26.8,24.3,17.2,9.5,9.2,4.8,NA,NA,2022-03-25
26.8,24.3,17.2,9.5,9.2,4.8,NA,NA,2022-03-26
26.8,24.5,17.2,9.5,9.2,4.8,NA,NA,2022-03-27
26.7,24.5,17.2,9.5,9.1,4.8,NA,NA,2022-03-29
26.6,24.6,17.1,9.5,9,4.8,NA,NA,2022-03-30
26.6,24.6,17.1,9.5,9,4.8,NA,NA,2022-03-31
26.6,24.7,17.1,9.6,9,4.7,NA,NA,2022-04-01
26.8,24.7,17.1,9.6,9,4.5,NA,NA,2022-04-02
26.8,24.8,17,9.7,9,4.6,NA,NA,2022-04-03
26.8,24.7,17.1,9.6,9,4.6,NA,NA,2022-04-04
26.4,25.2,17.2,9.7,8.7,4.5,NA,NA,2022-04-05
26.2,25,17.4,9.8,8.7,4.5,NA,NA,2022-04-07
26,25.1,17.2,10,8.8,4.6,NA,NA,2022-04-08
25.9,25.4,17.4,10,8.7,4.5,NA,NA,2022-04-09
25.9,25.3,17.3,10.1,8.6,4.5,NA,NA,2022-04-10
26,25.4,17.4,10.1,8.5,4.5,NA,NA,2022-04-11
25.9,25.4,17.3,10.2,8.5,4.5,NA,NA,2022-04-12
25.9,25.5,17.3,10.1,8.5,4.6,NA,NA,2022-04-13
26,25.1,17.2,10.2,8.4,4.6,NA,NA,2022-04-14
26,25.1,17.2,10.1,8.5,4.7,NA,NA,2022-04-16
26,25.1,17.2,10.1,8.5,4.7,NA,NA,2022-04-17
26.1,24.8,17.4,10.1,8.4,4.7,NA,NA,2022-04-19
26.2,24.7,17.5,10.1,8.4,4.7,NA,NA,2022-04-21
26.3,24.6,17.4,10.2,8.4,4.6,NA,NA,2022-04-22
26.3,24.6,17.5,10.1,8.4,4.6,NA,NA,2022-04-23
26.2,24.5,17.8,10,8.5,4.5,NA,NA,2022-04-24
26.2,24.4,17.9,10.1,8.5,4.4,NA,NA,2022-04-25
26.4,24.3,17.9,10,8.4,4.4,NA,NA,2022-04-26
26.5,24.4,17.9,10,8.5,4.4,NA,NA,2022-04-27
26.5,24.2,17.9,10,8.5,4.3,NA,NA,2022-04-28
26.4,24.2,18,10.1,8.5,4.3,NA,NA,2022-04-29
26.4,24.1,18.1,10,8.5,4.4,NA,NA,2022-04-30
26.4,24.1,18.2,10,8.5,4.3,NA,NA,2022-05-01
26.4,24.1,18.2,9.9,8.6,4.3,NA,NA,2022-05-02
26.6,24.1,18.2,9.8,8.6,4.3,NA,NA,2022-05-03
26.8,23.9,18.4,9.7,8.6,4.3,NA,NA,2022-05-04
26.8,23.9,18.4,9.7,8.5,4.3,NA,NA,2022-05-05
26.8,23.8,18.4,9.8,8.5,4.3,NA,NA,2022-05-06
26.7,23.9,18.5,9.7,8.6,4.2,NA,NA,2022-05-07
26.7,23.9,18.4,9.7,8.7,4.1,NA,NA,2022-05-08
26.9,23.8,18.6,9.7,8.7,4.1,NA,NA,2022-05-09
26.9,23.7,18.7,9.7,8.7,4.1,NA,NA,2022-05-10
27.1,23.5,18.6,9.7,8.6,4.2,NA,NA,2022-05-12
27.1,23.4,18.4,9.8,8.6,4.3,NA,NA,2022-05-13
27.1,23.3,18.5,9.8,8.6,4.4,NA,NA,2022-05-14
27.1,23.2,18.4,9.8,8.6,4.4,NA,NA,2022-05-15
28.1,22.9,19,9.5,8,4.1,NA,NA,2022-05-16
28.2,22.8,19.1,9.5,7.9,4.1,NA,NA,2022-05-17
28.2,22.7,19.2,9.5,7.9,4.1,NA,NA,2022-05-18
28.2,22.7,19.2,9.5,7.9,4.1,NA,NA,2022-05-19
28.3,22.6,19.5,9.4,7.8,4.1,NA,NA,2022-05-20
28.2,22.6,19.5,9.4,7.7,4.1,NA,NA,2022-05-21
28.3,22.6,19.4,9.4,7.8,4.1,NA,NA,2022-05-22
28.3,22.6,19.6,9.5,7.6,4.1,NA,NA,2022-05-23
28.3,22.2,20,9.4,7.5,4.1,NA,NA,2022-05-24
28.4,22.2,20.2,9.3,7.4,4.1,NA,NA,2022-05-25
28.5,22.3,20.2,9.3,7.4,4.1,NA,NA,2022-05-27
28.5,22.2,20.3,9.1,7.4,4.1,NA,NA,2022-05-28
28.4,22.2,20.3,9.1,7.4,4.1,NA,NA,2022-05-30
28.7,22,20.4,9,7.4,4.1,NA,NA,2022-05-31
28.6,21.7,20.7,9,7.4,4.1,NA,NA,2022-06-01
28.6,21.7,20.7,9.1,7.5,4.1,NA,NA,2022-06-02
28.6,21.6,20.7,9,7.5,4.1,NA,NA,2022-06-04
28.5,21.4,20.8,9.2,7.6,4,NA,NA,2022-06-07
28.2,21.6,20.5,9.5,7.5,4.2,NA,NA,2022-06-08
28.4,20.8,20.8,9.8,7.4,4.3,NA,2.1,2022-06-10
28.3,21,20.8,9.7,7.5,4.3,NA,2,2022-06-11
28.3,21.1,20.6,9.7,7.4,4.4,NA,2,2022-06-12
28.3,21.2,20.5,9.7,7.5,4.3,NA,2,2022-06-13
28.3,21.1,20.6,9.7,7.5,4.2,NA,2.1,2022-06-14
28.3,21,20.6,9.8,7.5,4.3,NA,2.1,2022-06-15
28.2,21.1,20.9,9.7,7.4,4.3,NA,2,2022-06-17
28.5,20.9,20.9,9.8,7.2,4.3,NA,2.1,2022-06-18
28.5,20.9,20.7,9.7,7.3,4.4,NA,2.1,2022-06-19
28.5,20.9,20.8,9.9,7.3,4.4,NA,2,2022-06-20
28.8,20.8,20.6,9.7,7.3,4.4,NA,2.1,2022-06-21
28.7,20.9,20.6,9.7,7.3,4.4,NA,2,2022-06-22
28.6,20.9,20.7,9.8,7.3,4.4,NA,2,2022-06-24
28.5,20.8,20.9,9.9,7.3,4.4,NA,2,2022-06-25
28.4,20.9,20.9,10,7.3,4.3,NA,2,2022-06-26
28.4,20.9,20.9,9.9,7.3,4.3,NA,2,2022-06-27
28.3,21,21,9.9,7.3,4.3,NA,2,2022-06-28
28.2,21.1,21,9.9,7.3,4.2,NA,2.1,2022-06-30
28.4,21.1,20.9,9.9,7.3,4.2,NA,NA,2022-07-01
28.3,21.1,21,9.9,7.3,4.2,NA,NA,2022-07-02
28.4,21.1,21,10,7.3,4.2,NA,NA,2022-07-03
28.4,21,20.9,10,7.3,4.2,NA,NA,2022-07-05
28.4,21,21,9.8,7.4,4.2,NA,NA,2022-07-06
28.4,20.9,21,9.8,7.4,4.2,NA,NA,2022-07-07
28.5,20.9,20.7,9.9,7.4,4.3,NA,NA,2022-07-08
28.4,20.9,20.7,9.9,7.3,4.4,NA,NA,2022-07-09
28.4,20.8,20.7,9.9,7.3,4.3,NA,NA,2022-07-10
28.4,20.7,20.7,9.9,7.2,4.3,NA,NA,2022-07-11
28.2,20.8,20.7,10,7.1,4.4,NA,NA,2022-07-12
28.7,20.8,20.7,10,7,4.4,NA,NA,2022-07-13
28.6,20.8,20.7,10,7,4.4,NA,NA,2022-07-15
28.4,20.6,20.9,10.1,6.9,4.3,NA,2,2022-07-16
28.4,20.7,21,10,6.9,4.3,NA,2,2022-07-17
28.4,20.7,21.1,10,6.9,4.4,NA,2,2022-07-18
28.5,20.7,21.1,10,6.8,4.3,NA,2,2022-07-19
28.3,20.8,21.2,10.1,6.9,4.3,NA,2,2022-07-20
28.4,20.7,21.1,10.1,6.8,4.3,NA,2,2022-07-22
28.4,20.7,21.1,10.1,6.8,4.3,NA,2,2022-07-23
28.4,20.6,21.2,10.2,6.8,4.4,NA,2,2022-07-24
28.3,20.5,21.2,10.2,6.8,4.4,NA,2,2022-07-26
28.5,20.5,21.1,10.2,6.9,4.4,NA,2,2022-07-27
28.5,20.5,21.1,10.2,6.9,4.4,NA,2,2022-07-29
28.5,20.7,21.1,10.1,6.8,4.4,NA,NA,2022-07-30
28.5,20.7,21.1,10.2,6.9,4.4,NA,NA,2022-07-31
28.6,20.5,21.1,10.1,6.9,4.4,NA,NA,2022-08-02
28.9,20.4,21.2,10.2,6.9,4.3,NA,NA,2022-08-04
29,20.2,21.3,10.2,6.8,4.3,NA,NA,2022-08-05
28.9,20.3,21.3,10.2,6.7,4.3,NA,NA,2022-08-06
29,20.2,21.2,10.2,6.8,4.3,NA,NA,2022-08-07
28.9,20,21.2,10.3,6.8,4.3,NA,NA,2022-08-09
28.7,19.7,21.5,10.9,6.7,4.3,NA,2,2022-08-12
28.8,19.7,21.6,10.9,6.7,4.2,NA,2,2022-08-13
28.8,19.8,21.6,10.8,6.7,4.2,NA,2,2022-08-14
28.9,19.8,21.6,10.9,6.6,4.2,NA,NA,2022-08-15
28.8,19.7,21.7,11,6.5,4.2,NA,2,2022-08-16
28.8,19.9,21.8,11,6.4,4.1,NA,2,2022-08-19
28.9,19.7,21.6,11.1,6.4,4,NA,2,2022-08-20
28.9,19.7,21.6,11.1,6.5,4.1,NA,NA,2022-08-23
29,19.7,21.5,11.1,6.5,4.1,NA,NA,2022-08-24
28.9,19.2,22,10.9,6.7,4.2,NA,NA,2022-08-25
28.8,19.1,22,10.9,6.7,4.3,NA,2,2022-08-27
28.8,19.2,22,10.8,6.7,4.3,NA,NA,2022-08-28
28.8,19.2,22,10.8,6.7,4.3,NA,NA,2022-08-29
28.7,19.1,22,11,6.7,4.4,NA,2,2022-08-30
28.6,19,22,11,6.7,4.5,NA,2,2022-08-31
28.6,18.9,21.9,11,6.8,4.5,NA,NA,2022-09-01
28.5,19,21.8,11.1,6.8,4.5,NA,NA,2022-09-02
28.4,19.1,21.7,11.1,6.9,4.5,NA,NA,2022-09-03
28.4,19.1,21.6,11,6.9,4.5,NA,NA,2022-09-04
28.4,19.1,21.5,11.1,6.9,4.5,NA,NA,2022-09-06
28.4,19.1,21.4,11.1,6.9,4.6,NA,NA,2022-09-07
28.5,19.2,21.4,11.1,6.8,4.7,NA,NA,2022-09-09
28.5,19.1,21.3,11.1,6.8,4.7,NA,NA,2022-09-10
28.4,19.3,21.1,11.2,6.9,4.7,NA,NA,2022-09-11
28.4,19.2,21,11.4,6.9,4.7,NA,NA,2022-09-12
28.8,18.9,20.7,11.6,7,4.8,NA,NA,2022-09-13
28.8,18.8,20.6,11.7,6.9,4.8,NA,NA,2022-09-15
29.2,18.6,20.4,11.8,6.9,4.9,NA,NA,2022-09-16
29.2,18.7,20.4,11.8,6.8,4.9,NA,NA,2022-09-17
29.2,18.8,20.3,11.9,6.8,5,NA,NA,2022-09-18
29.2,18.7,20.2,12,6.8,5,NA,NA,2022-09-20
29.2,18.6,20,12.1,6.8,4.9,NA,2,2022-09-21
29.2,18.8,19.9,12.1,6.8,4.8,NA,2,2022-09-22
29.3,18.7,19.8,12.1,6.8,4.8,NA,2,2022-09-24
29.2,18.8,19.8,12.1,6.9,4.8,NA,2,2022-09-25
29.2,18.7,19.8,12.3,6.8,4.8,NA,2,2022-09-26
29.2,18.6,19.9,12.3,6.8,4.8,NA,2,2022-09-27
29.3,18.6,19.9,12.3,6.8,4.8,NA,NA,2022-09-28
29.3,18.4,19.9,12.4,6.9,4.8,NA,NA,2022-09-29
29.3,18.2,19.6,13.2,6.7,4.8,NA,NA,2022-09-30
29.2,18.2,19.7,13.1,6.8,4.8,NA,NA,2022-10-01
29.3,18.3,19.5,13.1,6.8,4.9,NA,NA,2022-10-02
29.2,18.4,19.6,13.2,6.8,4.8,NA,NA,2022-10-04
29,18.3,19.2,13.5,6.9,4.8,NA,NA,2022-10-06
29,18.3,19.2,13.5,6.9,4.8,NA,NA,2022-10-07
28.9,18.2,19.2,13.6,6.9,4.8,NA,NA,2022-10-08
29,18.3,19.1,13.6,6.8,4.8,NA,NA,2022-10-10
29,18.3,19.1,13.6,6.8,4.8,NA,NA,2022-10-11
29,18.2,19.3,13.5,6.7,4.9,NA,NA,2022-10-12
28.7,18.5,19.1,13.8,6.4,5,NA,NA,2022-10-13
28.7,18.4,19.1,13.8,6.3,5.1,NA,2.4,2022-10-14
28.5,18.6,19.2,13.9,6.1,5,NA,2.4,2022-10-15
28.6,18.5,19.1,13.9,6.2,5,NA,2.4,2022-10-16
28.6,18.6,19,14,6.1,5,NA,2.5,2022-10-17
28.6,18.7,19.1,13.9,6.2,4.9,NA,2.4,2022-10-18
28.5,18.9,19.1,13.8,6.2,4.9,NA,2.4,2022-10-19
28.7,18.9,19.1,13.8,6.2,4.9,NA,2.4,2022-10-20
28.7,19.1,19.1,13.9,6.2,4.8,NA,2.3,2022-10-21
28.6,19.2,19.1,13.9,6.2,4.7,NA,2.3,2022-10-22
27.9,19.6,19,14.2,6.1,4.6,NA,2.4,2022-10-23
28,19.6,19,14.2,6.2,4.6,NA,2.4,2022-10-25
28.1,19.4,19,14.3,6.1,4.5,NA,2.5,2022-10-26
28.3,19.4,19,14.2,6.1,4.5,NA,2.4,2022-10-27
28.3,19.4,19,14.1,6.1,4.5,NA,2.4,2022-10-28
28.4,19.4,19,14,6.1,4.6,NA,2.4,2022-10-29
28.3,19.4,19,14,6.1,4.6,NA,2.4,2022-10-30
28.3,19.4,19,14,6.1,4.6,NA,2.4,2022-10-31
28.3,19.5,18.9,14.1,6.2,4.5,NA,2.4,2022-11-01
28.2,19.6,18.9,14.1,6.2,4.5,NA,2.4,2022-11-02
28.3,19.6,18.9,14,6.2,4.5,NA,NA,2022-11-03
28.4,19.5,18.9,14,6.2,4.5,NA,NA,2022-11-04
28.4,19.5,18.9,13.9,6.3,4.5,NA,NA,2022-11-05
28.3,19.6,18.8,14,6.2,4.5,NA,NA,2022-11-06
28.4,19.9,18.5,13.8,6.3,4.5,NA,NA,2022-11-08
28.4,19.7,18.6,13.7,6.3,4.6,NA,NA,2022-11-09
28.4,19.7,18.6,13.7,6.3,4.6,NA,NA,2022-11-10
28.6,19.5,18.9,13.9,6.1,4.7,NA,2.2,2022-11-11
28.5,19.6,18.6,14.2,6.1,4.6,NA,2.2,2022-11-12
28.5,19.6,18.6,14.2,6.1,4.6,NA,2.2,2022-11-13
28.5,19.6,18.6,14.2,6.1,4.5,NA,2.2,2022-11-15
28.5,19.7,18.6,14.2,6.1,4.5,NA,2.2,2022-11-16
28.5,19.6,18.6,14.2,6.1,4.5,NA,2.2,2022-11-17
28.5,19.6,18.5,14.1,6.2,4.5,NA,2.2,2022-11-19
28.6,19.6,18.5,14.2,6.2,4.6,NA,2.2,2022-11-20
28.6,19.6,18.3,14.2,6.1,4.6,NA,2.2,2022-11-21
28.6,19.6,18.4,14.1,6.1,4.6,NA,2.2,2022-11-22
28.6,19.6,18.4,14,6.1,4.6,NA,2.2,2022-11-23
28.8,19.6,18.5,14,6.1,4.6,NA,2.2,2022-11-24
28.8,19.7,18.6,14,6,4.6,NA,2.2,2022-11-25
28.9,19.6,18.6,13.9,6,4.5,NA,2.2,2022-11-26
28.9,19.8,18.6,13.9,6,4.5,NA,2.2,2022-11-27
29,19.8,18.5,13.9,6,4.5,NA,2.2,2022-11-28
29,19.8,18.5,13.8,5.9,4.5,NA,2.2,2022-11-29
29.3,19.6,18.5,13.9,5.8,4.5,NA,NA,2022-12-01
29.2,19.5,18.6,13.7,5.8,4.4,NA,NA,2022-12-02
29.1,19.4,18.7,13.8,5.9,4.5,NA,NA,2022-12-03
29.1,19.4,18.6,13.8,5.9,4.5,NA,NA,2022-12-04
29.2,19.3,18.6,13.9,5.8,4.5,NA,NA,2022-12-05
29.2,19.4,18.5,13.8,5.9,4.5,NA,NA,2022-12-06
29.2,19.4,18.6,13.8,6,4.4,NA,NA,2022-12-07
29.1,19.4,18.6,13.8,6,4.5,NA,NA,2022-12-08
28.8,19.6,18.3,13.9,6,4.4,NA,NA,2022-12-09
28.9,19.6,18.3,13.9,6,4.4,NA,NA,2022-12-10
28.8,19.6,18.3,14,6,4.4,NA,NA,2022-12-11
28.9,19.6,18.3,14,6,4.5,NA,NA,2022-12-13
28.8,19.6,18.3,14,6,4.5,NA,NA,2022-12-14
28.9,19.6,18.3,13.9,6,4.5,NA,NA,2022-12-15
28.9,19.6,18.3,14,6,4.4,NA,NA,2022-12-16
29,19.6,18.3,14,6.1,4.4,NA,NA,2022-12-17
28.9,19.6,18.3,14,6.1,4.5,NA,NA,2022-12-18
28.9,19.7,18.2,13.9,6.1,4.4,NA,NA,2022-12-19
28.8,19.6,18.2,14,6.1,4.4,NA,NA,2022-12-20
28.8,19.9,18.2,13.9,6.2,4.4,NA,NA,2022-12-21
28.8,19.9,18.2,14,6.1,4.4,NA,2,2022-12-22
28.8,19.9,18.2,14,6.1,4.4,NA,2,2022-12-23
28.8,20,18.1,14,6.2,4.4,NA,2,2022-12-24
28.8,20.1,18,14,6.3,4.4,NA,NA,2022-12-28
28.7,20.2,18,14.1,6.2,4.4,NA,NA,2022-12-31
28.9,20.1,18,14.1,6.3,4.4,NA,NA,2023-01-02
28.8,20.1,17.9,14,6.3,4.4,NA,NA,2023-01-04
28.9,19.9,18,14.1,6.2,4.5,NA,NA,2023-01-05
28.8,19.8,18,14.2,6.1,4.5,NA,NA,2023-01-08
28.8,19.8,18,14.2,6.1,4.5,NA,NA,2023-01-09
28.9,19.7,18.1,14.1,6.2,4.5,NA,NA,2023-01-10
28.8,19.7,18.1,14.2,6.2,4.5,NA,NA,2023-01-11
28.8,19.7,18.1,14.2,6.3,4.5,NA,NA,2023-01-12
28.4,19.7,18.3,14.4,6.3,4.8,NA,NA,2023-01-13
28.4,19.7,18.2,14.3,6.3,4.7,NA,NA,2023-01-14
28.4,19.7,18.1,14.3,6.3,4.7,NA,NA,2023-01-15
28.2,19.9,18,14.5,6.3,4.6,NA,NA,2023-01-16
28.3,19.9,18,14.4,6.3,4.5,NA,2.1,2023-01-17
28.3,19.9,18,14.4,6.3,4.5,NA,2.1,2023-01-18
28.3,19.9,18,14.3,6.3,4.5,NA,2.1,2023-01-19
28.2,20,18.2,14.3,6.2,4.5,NA,2,2023-01-21
28.2,19.9,18.1,14.3,6.2,4.5,NA,2.1,2023-01-22
28.2,20,18.1,14.3,6.2,4.5,NA,2.1,2023-01-23
28.3,20,18.2,14.2,6.2,4.5,NA,2.1,2023-01-24
28.3,20.1,18.2,14.2,6.2,4.5,NA,2.1,2023-01-25
28.5,20.1,18.1,14.2,6.2,4.4,NA,2,2023-01-26
28.3,20.5,18.1,14.1,6.1,4.4,NA,2,2023-01-27
28.4,20.5,18,14.1,6.2,4.5,NA,2,2023-01-28
28.4,20.5,18,14.1,6.2,4.5,NA,2,2023-01-30
28.3,20.6,18,14.2,6.2,4.5,NA,2,2023-01-31
28.4,20.6,18,14.1,6.1,4.4,NA,2,2023-02-01
28.3,20.7,17.9,14.1,6.2,4.4,NA,NA,2023-02-02
28.8,20.4,17.8,13.6,6.1,4.5,NA,NA,2023-02-03
28.7,20.4,17.9,13.7,6.1,4.5,NA,NA,2023-02-04
28.7,20.5,17.8,13.7,6.2,4.5,NA,NA,2023-02-05
28.5,20.4,17.9,13.7,6.2,4.5,NA,NA,2023-02-06
28.6,20.5,17.8,13.7,6.2,4.5,NA,NA,2023-02-07
28.5,20.4,17.7,13.8,6.3,4.6,NA,NA,2023-02-09
28.4,20.3,17.6,14,6.3,4.7,NA,2.4,2023-02-10
28.4,20.3,17.6,13.9,6.3,4.7,NA,2.4,2023-02-11
28.5,20.2,17.6,14,6.3,4.7,NA,2.4,2023-02-12
28.6,20.1,17.6,14,6.2,4.7,NA,2.4,2023-02-13
28.6,20.1,17.6,13.9,6.1,4.7,NA,2.4,2023-02-14
28.9,20.3,17.5,13.8,6.2,4.6,NA,2.4,2023-02-15
28.8,20.3,17.6,13.8,6.2,4.7,NA,2.4,2023-02-16
29.2,20.2,17.5,13.7,5.9,4.8,NA,2.3,2023-02-17
29.1,20.2,17.5,13.7,5.9,4.7,NA,2.4,2023-02-18
29.3,20,17.5,13.7,6,4.7,NA,2.4,2023-02-19
29.3,20.1,17.5,13.7,6,4.7,NA,2.4,2023-02-20
29.6,19.9,17.4,13.7,6,4.7,NA,2.4,2023-02-21
29.7,19.9,17.4,13.7,5.9,4.7,NA,2.4,2023-02-25
29.8,19.8,17.4,13.6,5.9,4.7,NA,2.4,2023-02-26
29.9,19.8,17.3,13.7,5.9,4.6,NA,2.4,2023-02-27
29.9,19.9,17.3,13.6,5.8,4.6,NA,2.4,2023-02-28
30.2,20.2,17.2,13.6,5.7,4.5,NA,2.4,2023-03-01
30.3,20,17.2,13.5,5.7,4.5,NA,2.4,2023-03-02
30.3,20.1,17.3,13.5,5.7,4.5,NA,NA,2023-03-03
30.2,20,17.4,13.4,5.7,4.6,NA,NA,2023-03-04
30.2,20,17.4,13.4,5.6,4.6,NA,NA,2023-03-05
30.2,20,17.3,13.4,5.7,4.6,NA,NA,2023-03-07
30.3,19.9,17.4,13.4,5.6,4.6,NA,NA,2023-03-08
30,19.9,17.4,13.6,5.7,4.8,NA,2.1,2023-03-10
30.1,19.8,17.5,13.5,5.8,4.7,NA,2.1,2023-03-11
30,19.9,17.5,13.5,5.7,4.6,NA,2.1,2023-03-12
30.6,19.6,17.5,13.5,5.5,4.6,NA,2.1,2023-03-13
30.5,19.5,17.5,13.5,5.6,4.6,NA,2.1,2023-03-14
30.5,19.4,17.4,13.6,5.6,4.6,NA,2.1,2023-03-16
30.5,19.4,17.5,13.5,5.6,4.6,NA,2.1,2023-03-17
30.4,19.4,17.5,13.6,5.6,4.6,NA,2.1,2023-03-18
30.4,19.4,17.5,13.6,5.7,4.7,NA,2.1,2023-03-19
30.4,19.4,17.4,13.6,5.6,4.7,NA,2.1,2023-03-20
30.4,19.2,17.6,13.6,5.6,4.7,NA,2.1,2023-03-21
30.3,19.3,17.5,13.8,5.6,4.7,NA,2.2,2023-03-22
30.2,19.5,17.3,13.7,5.8,4.7,NA,2.2,2023-03-23
30.2,19.4,17.3,13.7,5.8,4.7,NA,2.2,2023-03-25
30.1,19.3,17.4,13.7,5.9,4.6,NA,2.2,2023-03-26
30,19.5,17.2,13.6,6,4.5,NA,2.2,2023-03-27
30,19.5,17.3,13.6,6,4.5,NA,2.2,2023-03-28
30.3,19.3,17.2,13.5,6,4.6,NA,2.2,2023-03-30
30.4,19.2,17.1,13.5,6.1,4.5,NA,NA,2023-03-31
30.3,19.2,17.2,13.6,6.1,4.4,NA,NA,2023-04-01
30.3,19.1,17.2,13.5,6.1,4.5,NA,NA,2023-04-03
30.5,18.9,17.3,13.5,6,4.5,NA,NA,2023-04-04
30.5,19,17.3,13.6,6.2,4.5,NA,NA,2023-04-05
30.7,18.8,17.1,13.7,6.1,4.6,NA,2.1,2023-04-06
30.5,18.9,17.1,13.7,6.2,4.5,NA,2.1,2023-04-07
30.5,19,17.1,13.7,6.3,4.6,NA,2.1,2023-04-08
30.5,19,17.1,13.7,6.3,4.5,NA,2.1,2023-04-09
30.5,19,17.1,13.7,6.3,4.6,NA,2.1,2023-04-11
30.4,19.1,17.1,13.7,6.3,4.6,NA,2.1,2023-04-14
30.3,19.2,17,13.7,6.3,4.6,NA,2.1,2023-04-15
30.2,19.3,16.9,13.8,6.4,4.6,NA,2.1,2023-04-16
30.3,19.2,16.9,13.8,6.4,4.6,NA,2.1,2023-04-17
30.3,19.2,16.9,13.9,6.4,4.6,NA,2.1,2023-04-18
30.3,19.2,16.9,13.9,6.4,4.6,NA,2.1,2023-04-20
30.4,19,17,13.9,6.3,4.5,NA,2.1,2023-04-21
30.6,18.9,17,13.9,6.2,4.4,NA,2.1,2023-04-22
30.6,18.8,17,13.9,6.3,4.4,NA,2.1,2023-04-23
30.5,18.8,16.9,14,6.4,4.4,NA,2.1,2023-04-24
30.6,18.8,16.7,13.9,6.4,4.4,NA,2.1,2023-04-25
30.8,18.9,16.6,13.9,6.5,4.4,NA,2.1,2023-04-26
30.8,18.9,16.6,14,6.5,4.4,NA,2.1,2023-04-27
30.9,18.7,16.5,14,6.5,4.4,NA,NA,2023-04-29
30.7,19,16.2,14,6.8,4.4,NA,NA,2023-04-30
30.7,18.9,16.3,14,6.8,4.4,NA,NA,2023-05-02
30.4,19.3,16.2,14.1,6.9,4.4,NA,NA,2023-05-03
30.6,19,16.3,14.2,6.8,4.5,NA,NA,2023-05-04
30.5,19.1,16.3,14.2,6.8,4.6,NA,NA,2023-05-05
30.7,18.9,16.2,14.1,6.9,4.4,NA,NA,2023-05-06
30.7,18.9,16.2,14.2,6.9,4.5,NA,NA,2023-05-08
30.6,18.9,16.2,14.2,6.9,4.5,NA,NA,2023-05-09
30.6,19,16.2,14.2,6.9,4.5,NA,NA,2023-05-11
30.5,18.8,16.2,14.3,6.8,4.6,NA,2.4,2023-05-12
30.4,18.8,16.3,14.3,6.8,4.7,NA,2.4,2023-05-13
30.4,18.8,16.4,14.2,6.8,4.6,NA,2.4,2023-05-14
30.4,18.8,16.3,14.3,6.8,4.7,NA,2.4,2023-05-15
30.4,18.8,16.3,14.3,6.8,4.7,NA,2.4,2023-05-16
30.6,18.7,16.3,14.3,6.8,4.7,NA,2.4,2023-05-18
30.5,18.8,16.2,14.3,6.8,4.7,NA,2.4,2023-05-20
30.5,18.8,16.1,14.4,6.8,4.7,NA,2.4,2023-05-22
30.5,18.8,16,14.4,6.8,4.8,NA,2.4,2023-05-23
30.5,18.8,15.8,14.5,6.9,4.7,NA,2.5,2023-05-24
30.4,19,15.8,14.6,6.8,4.7,NA,2.5,2023-05-26
30.4,18.9,15.6,14.7,6.8,4.6,NA,2.5,2023-05-27
30.3,19,15.5,14.9,6.8,4.6,NA,2.5,2023-05-28
30.3,19,15.5,15,6.8,4.7,NA,2.5,2023-05-30
30.1,19.2,15.4,15,6.9,4.7,NA,NA,2023-05-31
30.1,19.1,15.3,15.3,6.8,4.6,NA,NA,2023-06-01
29.9,19.3,15.2,15.4,6.9,4.5,NA,NA,2023-06-02
29.7,19.4,15.2,15.6,6.9,4.5,NA,NA,2023-06-03
29.6,19.4,15.2,15.6,6.9,4.5,NA,NA,2023-06-05
29.9,19.2,15.2,15.7,6.8,4.4,NA,NA,2023-06-06
29.8,19.3,15,15.8,6.7,4.7,NA,2.1,2023-06-09
29.8,19.4,15,15.9,6.6,4.7,NA,2.1,2023-06-10
29.8,19.4,15,15.9,6.7,4.6,NA,2.1,2023-06-12
29.7,19.4,15,16.1,6.6,4.6,NA,2.1,2023-06-13
29.6,19.2,15,16.6,6.3,4.8,NA,2.1,2023-06-16
29.5,19.2,15.1,16.5,6.3,4.7,NA,2.1,2023-06-17
29.2,19.2,15.2,16.6,6.3,4.7,NA,2.1,2023-06-18
29.2,19.2,15.3,16.7,6.3,4.8,NA,2.1,2023-06-19
29.1,19.2,15.3,16.7,6.3,4.8,NA,2.1,2023-06-20
29.2,19.1,15.4,16.7,6.2,4.7,NA,2.1,2023-06-23
29.1,19,15.4,16.8,6.2,4.6,NA,2.1,2023-06-24
28.8,19.1,15.4,17,6.1,4.6,NA,2.1,2023-06-26
28.7,19.1,15.5,17,6.1,4.6,NA,2.1,2023-06-27
29,19.1,15.5,16.8,6.2,4.5,NA,2.1,2023-06-29
29,19,15.6,16.8,6.2,4.5,NA,NA,2023-06-30
28.8,18.8,15.6,16.9,6.2,4.6,NA,NA,2023-07-01
28.8,18.8,15.6,17,6.1,4.6,NA,NA,2023-07-03
28.8,18.6,15.5,17.3,6.1,4.6,NA,NA,2023-07-04
28.8,18.6,15.5,17.4,6.1,4.5,NA,NA,2023-07-05
28.8,18.6,15.4,17.5,6.1,4.5,NA,NA,2023-07-06
28.8,18.6,15.4,17.6,6.1,4.6,NA,2.1,2023-07-07
29,18.5,15.2,17.6,6,4.6,NA,2.1,2023-07-08
28.9,18.5,15.3,17.6,6,4.6,NA,2.1,2023-07-10
28.9,18.5,15.2,17.6,6.1,4.6,NA,2.1,2023-07-11
28.9,18.5,15.1,17.9,6.1,4.6,NA,2.1,2023-07-12
28.9,18.5,15.1,17.9,6.1,4.6,NA,2.1,2023-07-13
28.8,18.4,15.1,18.1,6.1,4.5,NA,2.2,2023-07-14
28.7,18.5,15.1,18,6.2,4.6,NA,2.2,2023-07-15
28.8,18.4,15.1,17.9,6.2,4.6,NA,2.2,2023-07-16
28.9,18.4,15.1,17.9,6.2,4.6,NA,2.2,2023-07-17
28.8,18.4,15.2,18,6.2,4.5,NA,2.2,2023-07-18
28.8,18.3,14.9,18.5,6.1,4.5,NA,2.3,2023-07-20
28.7,18.2,14.9,18.6,6.1,4.6,NA,2.3,2023-07-22
28.6,18.2,14.9,18.7,6,4.6,NA,2.3,2023-07-23
28.6,18.2,14.9,18.8,6,4.4,NA,2.3,2023-07-24
28.6,18.3,14.9,18.7,6,4.5,NA,2.3,2023-07-25
28.7,18.4,15,18.5,6.1,4.4,NA,2.3,2023-07-27
28.6,18.6,14.9,18.5,6.1,4.4,NA,NA,2023-07-28
28.6,18.6,14.9,18.6,6,4.4,NA,NA,2023-07-29
28.7,18.6,14.8,18.6,5.9,4.5,NA,NA,2023-07-31
28.5,18.5,14.8,18.7,5.9,4.5,NA,NA,2023-08-01
28.5,18.4,14.8,18.7,5.9,4.5,NA,NA,2023-08-02
28.2,18.4,14.9,18.9,5.9,4.6,NA,NA,2023-08-03
28.3,18.3,14.8,19.1,5.8,4.7,NA,2.3,2023-08-04
28.3,18.4,14.9,19,5.8,4.7,NA,2.3,2023-08-05
28.4,18.4,14.9,18.9,5.7,4.7,NA,2.3,2023-08-06
28.4,18.4,15,18.9,5.7,4.6,NA,2.3,2023-08-07
28.4,18.3,15,18.9,5.8,4.6,NA,2.3,2023-08-08
28.4,18.1,14.9,19.1,5.9,4.6,NA,2.3,2023-08-09
28.4,18.1,14.9,19.1,5.9,4.5,NA,2.3,2023-08-10
28.3,18.2,14.8,19.1,5.9,4.6,NA,2.3,2023-08-12
28.3,18.3,14.8,19.1,5.9,4.6,NA,2.3,2023-08-14
28.2,18.2,14.8,19.1,5.9,4.6,NA,2.3,2023-08-15
28.4,18.2,15,18.9,5.9,4.6,NA,2.2,2023-08-17
28.4,18.2,15,18.8,5.9,4.6,NA,2.2,2023-08-18
28.4,18.1,15,18.9,6.1,4.6,NA,2.2,2023-08-19
28.3,18.1,14.9,19,6,4.6,NA,2.3,2023-08-20
28.3,18.1,14.9,19,6,4.6,NA,2.3,2023-08-21
28.4,18.2,14.8,18.9,6,4.6,NA,2.3,2023-08-22
28.5,18.2,14.8,18.8,6,4.6,NA,2.3,2023-08-23
28.5,18.2,14.8,18.8,6,4.6,NA,2.3,2023-08-24
28.6,18.2,14.8,18.8,6,4.6,NA,2.3,2023-08-25
28.6,18.2,14.7,18.8,6,4.5,NA,NA,2023-08-26
28.5,18.5,14.5,18.9,6,4.5,NA,NA,2023-08-27
28.4,18.5,14.6,18.9,6,4.4,NA,NA,2023-08-28
28.4,18.4,14.6,19,6,4.4,NA,NA,2023-08-29
28.4,18.4,14.5,19,6,4.4,NA,NA,2023-08-30
28.4,18.2,14.5,19.2,6,4.4,NA,NA,2023-08-31
28.4,18.2,14.5,19.2,6,4.4,NA,NA,2023-09-02
28.3,18,14.6,19.6,5.9,4.3,NA,NA,2023-09-03
28.5,17.9,14.6,19.6,6,4.2,NA,NA,2023-09-04
28.5,17.7,14.6,19.6,6,4.3,NA,NA,2023-09-05
28.5,17.7,14.6,19.6,6,4.2,NA,NA,2023-09-06
28.4,17.6,14.7,19.7,6,4.2,NA,NA,2023-09-07
28.4,17.4,14.7,19.9,5.9,4.4,NA,2.5,2023-09-08
28.6,17.3,14.7,20,5.8,4.4,NA,2.5,2023-09-09
28.5,17.3,14.8,20,5.8,4.4,NA,2.5,2023-09-11
28.5,17.4,14.7,20,5.7,4.4,NA,2.5,2023-09-12
28.5,17.3,14.7,20,5.8,4.4,NA,2.5,2023-09-13
28.5,17.3,14.7,20,5.8,4.4,NA,2.5,2023-09-14
28.4,17.3,14.9,19.9,5.8,4.4,NA,3,2023-09-15
28.5,17.1,15,19.9,5.8,4.5,NA,3.2,2023-09-16
28.5,17,15.1,20.1,5.6,4.3,NA,3.3,2023-09-19
28.4,17,15.1,20.1,5.6,4.3,NA,3.3,2023-09-20
28.7,17.1,15.1,19.8,5.6,4.4,NA,3.3,2023-09-21
28.7,17.1,15.1,19.9,5.6,4.3,NA,3.3,2023-09-23
28.5,17.3,15.1,20,5.6,4.2,NA,3.3,2023-09-25
28.5,17.2,15.1,19.9,5.6,4.2,NA,3.4,2023-09-26
28.8,17.2,14.9,19.9,5.7,4.2,NA,3.4,2023-09-27
28.8,17.2,14.9,19.9,5.7,4.2,NA,3.5,2023-09-28
28.8,17.2,14.9,19.9,5.7,4.2,NA,3.5,2023-09-29
28.7,17.2,14.9,19.9,5.8,4.3,NA,3.6,2023-09-30
28.7,17.2,14.9,19.9,5.8,4.3,NA,3.6,2023-10-01
28.7,17.2,14.8,20,5.6,4.3,NA,3.5,2023-10-02
28.8,17.2,14.7,20,5.6,4.3,NA,3.5,2023-10-03
28.8,17.1,14.7,20,5.6,4.3,NA,3.5,2023-10-04
28.8,17.1,14.7,20,5.6,4.3,NA,3.4,2023-10-05
28.8,17.1,14.7,20,5.6,4.3,NA,3.4,2023-10-06
28.7,17,14.8,20.1,5.5,4.3,NA,3.5,2023-10-07
28.8,17.1,14.5,20.2,5.5,4.3,NA,3.5,2023-10-10
28.8,17,14.5,20.3,5.6,4.4,NA,3.5,2023-10-12
29.1,16.8,14.5,20.3,5.4,4.5,NA,3.5,2023-10-13
29.2,16.8,14.4,20.4,5.4,4.5,NA,3.7,2023-10-14
29.4,16.7,14.4,20.4,5.3,4.5,NA,3.7,2023-10-16
29.8,16.3,14.4,20.4,5.1,4.5,NA,3.6,2023-10-17
29.8,16.3,14.4,20.5,5.1,4.5,NA,3.6,2023-10-18
29.8,16,14.4,20.6,5,4.5,NA,3.6,2023-10-19
29.9,16,14.4,20.5,5,4.5,NA,3.6,2023-10-20
30.3,15.8,14.4,20.4,4.9,4.5,NA,3.6,2023-10-21
30.2,15.8,14.4,20.4,5,4.5,NA,3.6,2023-10-24
30.3,15.7,14.4,20.5,5,4.4,NA,3.6,2023-10-25
30.5,15.8,14.3,20.3,5,4.3,NA,3.6,2023-10-26
30.6,15.7,14.2,20.4,4.9,4.2,NA,3.6,2023-10-27
30.6,15.8,14.2,20.3,5,4.1,NA,3.6,2023-10-28
30.7,15.8,14.2,20.3,4.9,4.1,NA,3.7,2023-10-30
30.6,15.8,14.2,20.4,4.9,4,NA,3.7,2023-10-31
30.5,15.9,14.2,20.4,4.9,4,NA,3.7,2023-11-01
30.5,16,14.2,20.5,4.7,4,NA,3.6,2023-11-02
30.4,16,14.2,20.5,4.7,4,NA,3.6,2023-11-04
30.5,15.9,14.4,20.2,4.8,4,NA,3.5,2023-11-05
30.4,15.9,14.4,20.1,4.8,4.1,NA,3.5,2023-11-07
30.3,15.9,14.6,20,4.9,4.1,NA,3.5,2023-11-09
30.2,15.8,14.7,20,5,4.1,NA,3.3,2023-11-10
30.2,15.9,14.7,19.9,5,4.1,NA,3.3,2023-11-11
30.2,15.8,14.7,19.9,5,4.1,NA,3.3,2023-11-13
30.3,15.7,14.7,20,5,4.1,NA,3.3,2023-11-14
30.4,15.7,14.6,19.9,5,4.1,NA,3.3,2023-11-15
30.5,15.7,14.6,19.7,5.1,4,NA,3.1,2023-11-18
30.6,15.9,14.6,19.8,5.1,4,NA,3.1,2023-11-21
30.8,15.9,14.5,19.6,5.1,3.9,NA,3.3,2023-11-23
30.9,15.9,14.5,19.7,5.1,3.9,NA,3.2,2023-11-24
30.9,15.8,14.5,19.8,5.1,3.9,NA,3.2,2023-11-25
31,15.7,14.5,19.8,5,3.8,NA,3.2,2023-11-27
31.1,15.6,14.5,20.3,5,3.9,NA,3.2,2023-11-28
31,15.8,14.4,20.2,5,3.8,NA,3.3,2023-12-02
31.2,15.8,14.4,20.2,5,3.8,NA,3.3,2023-12-04
31.1,15.7,14.3,20.3,5,3.8,NA,3.3,2023-12-05
31.2,15.6,14.3,20.2,4.9,3.8,NA,3.2,2023-12-07
31.2,15.5,14.3,20.3,5,3.8,NA,3.1,2023-12-08
31.2,15.3,14.3,20.3,4.9,3.9,NA,3,2023-12-09
31.4,15.3,14.3,20.3,4.9,3.8,NA,3.1,2023-12-12
31.3,15.4,14.3,20.4,4.8,3.8,NA,3.2,2023-12-13
31.4,15.3,14.3,20.4,4.8,3.8,NA,3.2,2023-12-15
31.5,15.3,14.2,20.4,4.8,3.8,NA,3.1,2023-12-16
31.5,15.4,14.2,20.3,4.8,3.8,NA,3.2,2023-12-18
31.5,15.3,14.2,20.4,4.8,3.7,NA,3.2,2023-12-19
31.7,15.5,14.2,20.1,4.8,3.7,NA,3.3,2023-12-21
31.8,15.4,14.1,20.1,4.8,3.7,NA,3.4,2023-12-23
31.7,15.4,14.1,20.1,4.8,3.8,NA,3.4,2023-12-26
31.8,15.4,14.1,20.2,4.7,3.7,NA,3.4,2023-12-28
31.8,15.4,14,20.2,4.7,3.7,NA,3.4,2023-12-30
31.8,15.3,14,20.3,4.7,3.7,NA,3.4,2024-01-01
32,15,13.9,20.5,4.9,3.7,NA,3.7,2024-01-03
32.1,14.6,13.3,21.1,4.8,3.6,NA,3.7,2024-01-04
32,14.7,13.2,21.1,4.8,3.7,NA,3.7,2024-01-07
31.9,14.8,13.4,21,4.7,3.7,NA,3.6,2024-01-09
31.7,14.9,13.4,20.9,4.8,3.9,NA,3.6,2024-01-10
31.6,15,13.4,21,4.9,3.8,NA,3.4,2024-01-11
31.6,14.9,13.5,20.9,4.8,3.8,NA,3.5,2024-01-12
31.4,14.8,13.5,20.8,4.8,3.8,NA,3.5,2024-01-13
31.5,14.6,13.5,20.9,4.8,3.8,NA,3.5,2024-01-16
31.5,14.6,13.6,20.9,4.8,3.8,2.1,3.4,2024-01-17
31.6,14.5,13.7,20.6,4.8,3.9,2.1,3.4,2024-01-18
31.6,14.5,13.7,20.6,4.8,3.9,2.2,3.4,2024-01-19
31.5,14.4,14,20.4,4.7,3.9,2.8,3.4,2024-01-20
31.5,14.4,14,20.4,4.7,3.9,2.8,3.4,2024-01-21
31.6,14.5,14,20.2,4.7,3.9,NA,3.3,2024-01-23
31.8,14.7,14,20,4.8,3.8,NA,3.3,2024-01-25
31.2,14.9,13.9,19.7,4.9,3.8,3.3,3.4,2024-01-26
31.1,15.1,14,19.5,4.7,3.8,3.2,3.3,2024-01-27
31.1,15.1,14,19.3,4.8,3.7,3.4,3.4,2024-01-29
31.1,15.1,14,19.1,4.7,3.6,3.6,3.4,2024-01-30
31.1,15.2,14,19,4.6,3.5,3.5,3.4,2024-02-01
31.2,15.2,14,18.9,4.6,3.5,3.6,3.3,2024-02-02
31.2,15.3,14,18.8,4.5,3.5,3.6,3.4,2024-02-03
31.3,15.4,13.9,19,4.5,3.4,3.7,3.4,2024-02-05
31.4,15.4,13.8,18.7,4.4,3.3,4,3.4,2024-02-06
31.5,15.4,13.8,18.6,4.4,3.3,4,3.4,2024-02-07
31.5,15.3,13.7,18.6,4.4,3.3,4.2,3.3,2024-02-08
31.4,15.3,13.7,18.6,4.3,3.3,4.2,3.3,2024-02-10
31.5,15.3,13.7,18.5,4.2,3.3,4.2,3.3,2024-02-12
31.5,15.3,13.7,18.5,4.2,3.3,4.1,3.4,2024-02-13
31.7,15.2,13.7,18.4,4.2,3.2,4.2,3.4,2024-02-17
31.7,15.2,13.6,18.4,4.2,3.3,4.2,3.4,2024-02-19
31.6,15.2,13.7,18.3,4.3,3.3,4,3.4,2024-02-20
31.6,15,13.7,18.2,4.6,3.2,4.5,3.2,2024-02-22
31.5,15,13.7,18.2,4.5,3.3,4.4,3.2,2024-02-23
31.4,15.1,13.9,18.2,4.5,3.3,4.3,3.2,2024-02-24
31.4,15.1,13.9,18.2,4.5,3.3,4.3,3.2,2024-02-25
31.4,15,14,18.2,4.5,3.3,4.2,3.2,2024-02-27
31.4,15,14,18.2,4.5,3.3,4.2,3.2,2024-02-29
31.4,15.1,14.1,18.1,4.7,3.3,4,3.3,2024-03-02
31.4,15,14.1,18.2,4.7,3.3,4,3.2,2024-03-04
31.5,15.1,14,18.1,4.7,3.3,3.9,3.2,2024-03-05
31.3,15.2,14,18.2,4.6,3.4,4.1,3,2024-03-07
31.2,15.2,14.1,18.1,4.6,3.3,4.1,3.2,2024-03-08
31.3,15.2,14,18.1,4.6,3.3,4.1,3.2,2024-03-09
31.3,15.2,14.1,18.1,4.6,3.4,4.1,3.2,2024-03-11
31.2,15.2,14.1,18,4.6,3.3,4.1,3.2,2024-03-12
31.2,15.2,14.1,18,4.6,3.3,4.1,3.2,2024-03-13
31.2,15.2,14.1,18,4.6,3.3,4.1,3.2,2024-03-15
31.2,15.3,14.2,18.1,4.5,3.3,3.8,3.1,2024-03-16
31.2,15.3,14.2,18,4.5,3.2,3.9,3.1,2024-03-17
31.1,15.4,14.2,18,4.5,3.3,4,3.2,2024-03-18
31.2,15.5,14.1,18,4.4,3.3,4,3.2,2024-03-19
31.2,15.5,14.1,18,4.4,3.3,4,3.2,2024-03-20
31.3,15.9,14.1,17.4,4.4,3.3,4.6,3.1,2024-03-21
31.3,16,14.1,17.5,4.4,3.3,4.6,3.1,2024-03-22
31.4,16,14.2,17.4,4.4,3.2,4.5,3,2024-03-24
31.4,16,14.1,17.5,4.4,3.3,4.6,3.1,2024-03-25
31.4,16,14.1,17.5,4.4,3.3,4.5,3.1,2024-03-26
31.7,15.8,13.9,17.4,4.3,3.3,5,3.1,2024-03-27
31.7,15.8,13.9,17.3,4.3,3.2,4.9,3,2024-03-30
31.7,15.8,13.8,17.3,4.3,3.4,4.9,3.2,2024-04-02
31.7,15.7,13.8,17.2,4.3,3.4,4.9,3.2,2024-04-03
31.7,15.6,14,17.3,4.2,3.4,4.8,3.3,2024-04-04
31.6,15.6,14,17.3,4.2,3.3,4.7,3.2,2024-04-06
31.6,15.6,14,17.4,4.2,3.3,4.7,3.2,2024-04-08
31.5,15.6,14,17.3,4.3,3.4,4.7,3.4,2024-04-09
31.4,15.5,13.9,17.4,4.4,3.4,4.9,3.4,2024-04-10
31.4,15.2,14,17.6,4.4,3.5,5,3.1,2024-04-11
31.3,15.2,13.7,17.5,4.3,3.5,5.2,3.2,2024-04-12
31.3,15.3,13.7,17.5,4.3,3.4,5.2,3.1,2024-04-13
31.3,15.3,13.7,17.5,4.4,3.4,5.2,3.2,2024-04-15
31.4,15.3,13.6,17.5,4.4,3.4,5.2,3.2,2024-04-16
31.4,15.3,13.6,17.6,4.4,3.5,5.1,3.2,2024-04-18
31.4,15.4,13.7,17.6,4.4,3.4,5,3.3,2024-04-19
31.5,15.3,13.7,17.5,4.4,3.5,5,3.2,2024-04-20
31.5,15.3,13.6,17.6,4.4,3.5,5,3.3,2024-04-22
31.5,15.3,13.6,17.4,4.4,3.6,5,3.3,2024-04-23
31.5,15.3,13.6,17.4,4.4,3.6,5.1,3.3,2024-04-24
31.7,15.3,14.1,17.1,4.5,3.6,5.1,3.2,2024-04-26
31.6,15.4,14.1,17.1,4.5,3.6,5.1,3.1,2024-04-27
31.7,15.8,14.2,16.9,4.6,3.6,5,3.1,2024-04-28
31.7,15.8,14.2,16.9,4.6,3.6,5,3.1,2024-04-29
31.7,16,14.1,16.9,4.5,3.4,4.8,3.3,2024-04-30
31.7,16,14.1,16.9,4.5,3.4,4.8,3.3,2024-05-01
31.7,15.9,14.2,16.9,4.6,3.3,4.7,3.2,2024-05-02
31.9,15.8,14.1,16.7,4.5,3.4,4.8,3.1,2024-05-04
31.9,15.8,14.1,16.7,4.5,3.3,4.9,3.3,2024-05-06
31.9,15.7,14,16.5,4.6,3.3,5.1,3.5,2024-05-07
32,15.7,14,16.5,4.6,3.2,5.1,3.5,2024-05-09
31.7,15.8,14,16.7,4.5,3.4,5.4,3.2,2024-05-10
31.6,15.7,14,16.6,4.5,3.4,5.3,3.2,2024-05-11
31.8,15.8,14.1,16.6,4.4,3.4,5.4,3.2,2024-05-14
31.7,15.8,14.1,16.6,4.4,3.4,5.4,3.2,2024-05-15
31.9,15.8,14,16.4,4.4,3.4,5.2,3.2,2024-05-16
31.9,15.8,13.9,16.2,4.5,3.5,5.1,3.3,2024-05-17
31.9,15.8,13.8,16.2,4.5,3.5,5.1,3.4,2024-05-18
31.9,15.9,13.8,16.1,4.6,3.4,5.1,3.4,2024-05-20
31.9,15.9,13.8,16,4.6,3.5,5.1,3.4,2024-05-21
31.9,15.9,13.8,16,4.6,3.5,5.1,3.4,2024-05-22
32.1,16,13.8,15.9,4.6,3.5,5.3,3.3,2024-05-24
32.1,15.9,13.9,15.8,4.6,3.5,5.3,3.3,2024-05-25
32.1,15.9,13.7,15.7,4.8,3.5,5.3,3.2,2024-05-28
32.1,15.8,13.7,15.8,4.7,3.4,5.2,3.4,2024-05-30
32.2,15.9,13.7,15.7,4.7,3.4,5.2,3.5,2024-06-01
32.2,15.9,13.7,15.7,4.7,3.4,5.2,3.5,2024-06-03
32.1,16,13.7,15.6,4.7,3.5,5.3,3.4,2024-06-04
32.1,16,13.7,15.6,4.7,3.5,5.3,3.4,2024-06-06
31.9,15.8,13.5,15.9,4.6,3.5,5.6,3.2,2024-06-07
31.7,15.8,13.5,16,4.6,3.4,5.8,3.3,2024-06-08
31.7,15.6,13.4,16.2,4.6,3.4,5.7,3.2,2024-06-11
31.7,15.7,13.5,16.2,4.6,3.4,5.6,3.3,2024-06-12
31.5,15.6,13.4,16.2,4.6,3.3,6,3.4,2024-06-13
31.6,15.6,13.3,16.3,4.6,3.3,5.9,3.3,2024-06-16
31.6,15.5,13.2,16.3,4.6,3.3,6,3.3,2024-06-17
31.7,15.4,13.3,16.3,4.5,3.3,6,3.3,2024-06-18
31.7,15.3,13.3,16.3,4.5,3.3,6.1,3.3,2024-06-19
31.8,15.5,13.3,16.2,4.6,3.2,6.1,3.3,2024-06-20
31.7,15.5,13.3,16.2,4.6,3.2,6.2,3.2,2024-06-23
31.6,15.4,13.3,16.2,4.6,3.2,6.3,3.2,2024-06-24
31.8,15.4,13.1,16.3,4.7,3.2,6.3,3.2,2024-06-25
31.8,15.4,13.1,16.3,4.6,3.3,6.3,3.2,2024-06-26
32,15.4,13.1,16.3,4.5,3.2,6.2,3.2,2024-06-28
31.9,15.4,13.1,16.2,4.6,3,6.3,3.3,2024-06-29
31.8,15.4,13.1,16.3,4.6,3.1,6.3,3.2,2024-07-01
31.9,15.4,13.1,16.3,4.7,3.1,6.3,3.2,2024-07-02
31.9,15.3,13.1,16.3,4.7,3.1,6.4,3.1,2024-07-04
31.8,15.2,13.1,16.5,4.8,3.1,6.6,3.1,2024-07-05
31.8,15.2,12.9,16.6,4.7,3,6.7,3.1,2024-07-06
31.8,15.2,12.8,16.5,4.8,3.2,6.7,3,2024-07-08
31.7,15.1,12.8,16.6,4.7,3.2,6.8,3,2024-07-09
31.7,15.1,12.8,16.3,4.7,3.2,6.8,3,2024-07-11
31.9,15.1,12.9,16.2,4.6,3.2,6.7,3,2024-07-12
31.8,15.2,12.9,16.3,4.6,3,6.9,3,2024-07-13
32.1,15.2,12.8,16.2,4.6,3.1,6.7,3,2024-07-16
32,15.2,12.8,16.1,4.6,3.1,6.8,3.1,2024-07-20
32.1,15.3,12.7,16.1,4.6,3.1,6.8,3,2024-07-22
32,15.3,12.7,16.2,4.6,3.2,6.8,3,2024-07-23
32.1,15.4,12.6,16.2,4.7,3.2,6.8,3,2024-07-25
32,15.5,12.6,16.3,4.7,3.1,6.9,2.8,2024-07-27
32,15.5,12.4,16.3,4.7,3.2,6.9,NA,2024-07-29
31.9,15.7,12.4,16.3,4.5,3.1,6.8,NA,2024-07-30
32,15.7,12.1,16.4,4.6,3,6.9,NA,2024-08-03
32.2,15.4,11.8,16.5,4.6,2.8,7,NA,2024-08-05
32.1,15.4,11.8,16.5,4.7,2.8,7,3.3,2024-08-06
32,15.4,11.9,16.3,4.7,2.8,7.1,3.3,2024-08-07
32.3,15.3,12.1,16.2,4.7,2.8,7.3,2.9,2024-08-08
32.4,15.3,12.1,16.2,4.8,2.8,7.1,2.9,2024-08-09
32.4,15.4,12.2,16.3,4.7,2.9,6.9,2.9,2024-08-10
32.4,15.4,12.2,16.3,4.7,2.9,6.9,2.9,2024-08-12
32.3,15.2,12.1,16.4,4.7,2.9,7.1,2.8,2024-08-13
32.5,15.1,12.2,16.4,4.6,2.9,7.2,2.8,2024-08-15
32.4,15,12.2,16.6,4.6,3,7.3,2.7,2024-08-16
32.4,15.1,12.3,16.7,4.6,3,7.2,2.6,2024-08-17
32.5,15.1,12.2,16.7,4.6,2.9,7.3,2.6,2024-08-20
32.5,15.1,12.2,16.7,4.6,2.9,7.3,2.6,2024-08-21
32.6,15.2,12.2,16.6,4.6,2.9,7.2,2.6,2024-08-22
32.6,15.2,12.2,16.6,4.6,2.9,7.2,2.6,2024-08-23
32.7,15.3,12.2,16.5,4.6,2.9,7.2,2.6,2024-08-24
32.8,15.2,12.2,16.6,4.6,2.9,7.2,2.6,2024-08-26
32.8,15.2,12.1,16.6,4.6,2.9,7.2,2.6,2024-08-27
32.8,15.2,12.1,16.6,4.6,2.9,7.2,2.6,2024-08-29
32.8,15.2,12.1,16.6,4.6,2.9,7.2,2.6,2024-08-30
32.7,15.3,12,16.9,4.5,2.9,7.1,2.6,2024-08-31
32.7,15.2,11.8,17,4.5,2.8,7.2,2.4,2024-09-02
32.9,15.1,11.8,16.9,4.5,2.8,7.1,2.5,2024-09-03
33.1,15.2,11.7,17,4.3,2.9,7.1,NA,2024-09-05
32.9,15.2,11.8,16.9,4.2,3,7.1,NA,2024-09-06
32.9,15.2,11.7,16.9,4.2,3,7.1,NA,2024-09-07
33.1,15.1,11.7,17,4,3,7.1,NA,2024-09-10
33,14.9,11.7,17,4,3,7.2,2.8,2024-09-12
33,14.9,11.8,17.1,4,3,7.2,2.6,2024-09-13
33.1,14.9,11.8,17.1,4,3,7.2,2.6,2024-09-14
33.1,14.9,11.8,17.1,4,3,7.2,2.6,2024-09-16
33,14.9,11.7,17,4.1,2.9,7.2,2.8,2024-09-17
33.2,15,11.6,17,4.1,2.8,7.2,2.8,2024-09-19
33,15.1,11.6,17,4.1,2.8,7.2,2.8,2024-09-21
33,15.2,11.6,17.1,4,2.8,7.3,2.7,2024-09-23
33.1,15.2,11.6,17.1,4,2.9,7.3,2.7,2024-09-24
33.1,15.2,11.5,17.1,4,2.8,7.4,2.7,2024-09-25
33.1,15.2,11.5,17.1,4,2.8,7.4,2.7,2024-09-26
32.9,15.3,11.6,17.1,4,2.9,7.4,2.7,2024-09-27
32.9,15.2,11.7,17,4.1,3,7.4,2.7,2024-09-28
32.9,15.3,11.7,17,4.1,2.9,7.3,2.8,2024-09-30
32.7,15.6,11.6,17,4.1,2.8,7.2,2.8,2024-10-01
32.6,15.7,11.5,16.9,4.1,2.8,7.1,3.1,2024-10-04
32.4,15.8,11.6,17.1,4.1,2.9,6.9,3,2024-10-05
32.3,15.9,11.5,17.1,4.1,2.8,6.9,3,2024-10-07
32.3,15.9,11.6,17.1,3.9,2.8,6.9,3,2024-10-08
32.5,15.9,11.7,17.1,3.8,2.9,6.9,2.9,2024-10-10
32.5,15.9,11.7,17.1,3.9,2.9,6.9,2.9,2024-10-11
32.5,15.9,11.7,17.1,3.9,2.9,7,2.9,2024-10-12
32.5,16.1,11.7,17.2,3.7,3,7,2.9,2024-10-13
32.5,16.1,11.6,17.1,3.7,3.1,7,2.9,2024-10-14
32.5,16.1,11.5,17.1,3.8,3.1,7.1,2.9,2024-10-15
32.8,16,11.5,17.1,3.7,3.1,7.2,2.9,2024-10-18
32.8,16,11.5,17.1,3.7,3,7.2,2.9,2024-10-19
32.9,16.1,11.5,17.6,3.8,3.1,7.1,2.9,2024-10-20
32.8,16.1,11.4,17.6,3.8,3,7.1,2.9,2024-10-21
32.8,16.1,11.5,17.6,3.7,3,7.1,2.9,2024-10-22
32.7,16,11.6,17.7,3.7,3.1,7.1,2.8,2024-10-26
32.8,16,11.6,17.7,3.7,3,7.1,2.8,2024-10-28
32.9,16,11.3,17.7,3.8,3,7.1,2.8,2024-10-29
33.2,16,11.3,17.6,3.8,3,6.9,NA,2024-10-31
33.2,16,11.3,17.5,3.7,3,6.9,NA,2024-11-01
33.1,16.2,11.2,17.5,3.7,3.2,6.7,NA,2024-11-02
33.1,16.2,11.2,17.5,3.7,3.2,6.7,NA,2024-11-03
33.3,16.1,11.3,17.4,3.7,3.1,6.6,NA,2024-11-05
33.3,16.1,11.6,17.7,3.9,3,6.6,3.3,2024-11-07
33.4,15.9,11.7,17.4,3.9,3.2,6.6,3.3,2024-11-08
33.4,15.9,11.7,17.5,3.8,3.2,6.5,3.3,2024-11-09
33.5,15.9,11.7,17.6,4,3.1,6.5,3.2,2024-11-12
33.5,15.8,11.7,17.7,4.1,3.1,6.5,2.6,2024-11-14
33.6,15.8,11.7,17.2,3.9,3.1,6.6,2.6,2024-11-16
33.5,15.8,11.8,17.2,4,3.1,6.5,2.6,2024-11-18
33.6,15.7,11.8,17.3,4,3.2,6.4,2.6,2024-11-19
33.6,15.6,11.9,17.3,4,3.2,6.3,2.6,2024-11-20
33.5,15.4,12.1,17.5,3.9,3.2,6.2,2.6,2024-11-21
33.8,15.4,12,17.3,3.9,3.1,6.1,2.7,2024-11-22
33.8,15.3,12,17.4,3.9,3.1,6.1,2.7,2024-11-23
33.9,15.4,12,17.4,3.8,3.1,6.1,2.6,2024-11-25
33.8,15.4,12.1,17.4,3.8,3.1,6,2.6,2024-11-26
33.8,15.4,12.1,17.5,3.8,3.1,6,2.6,2024-11-27
33.7,15.4,12.1,17.4,3.8,3.1,6,2.6,2024-11-29
33.6,15.4,12.3,17.3,3.8,3.1,6.1,2.6,2024-11-30
33.5,15.5,12.3,17.4,3.8,3.1,6,2.6,2024-12-02
33.6,15.5,12.4,17.3,3.7,3.1,6,2.7,2024-12-03
33.6,15.5,12.4,17.2,3.7,3.1,6,2.7,2024-12-04
33.4,15.9,12.5,17.3,3.7,3.1,6.1,2.9,2024-12-05
33.2,16,12.6,17.3,3.6,3.1,5.9,3,2024-12-06
33.3,15.9,12.7,17.4,3.6,3,5.9,3,2024-12-07
33.2,16,12.6,17.4,3.6,3,5.9,3,2024-12-09
33.2,16,12.8,17.4,3.7,2.9,5.9,3,2024-12-10
33.2,16,12.8,17.4,3.7,2.9,5.9,3,2024-12-11
33.3,15.9,12.9,17.4,3.6,3,5.7,2.9,2024-12-12
33.1,15.9,12.8,17.6,3.7,3,5.7,3,2024-12-14
32.9,16,13.1,17.4,3.9,2.9,5.8,3.1,2024-12-16
32.8,16,13.1,17.4,3.9,2.9,5.8,3.1,2024-12-17
33.2,15.9,13.2,17.4,3.7,2.9,5.5,3.2,2024-12-19
33.3,15.9,13.2,17.5,3.6,3,5.5,3.1,2024-12-20
33.3,15.9,13.2,17.5,3.6,3,5.5,3.1,2024-12-21
33.2,15.8,13.3,17.6,3.6,3.1,5.5,3.2,2024-12-23
33.2,15.9,13.2,17.6,3.5,3.1,5.3,3.6,2024-12-28
33,15.8,13.3,17.7,3.5,3.1,5.4,2.9,2024-12-29
33,15.8,13.3,17.7,3.4,3.2,5.5,2.9,2024-12-30
33,15.8,13.3,17.7,3.5,3.2,5.3,2.8,2025-01-03
33,15.7,13.4,17.6,3.5,3.1,5.3,2.8,2025-01-05
33,15.7,13.4,17.8,3.5,3.1,5.3,2.8,2025-01-06
33.1,15.7,13.3,18,3.5,3,5.1,2.8,2025-01-07
32.9,15.7,13.4,18.2,3.7,3,5.1,2.7,2025-01-08
32.8,15.8,13.4,18.1,3.7,3.2,5,2.7,2025-01-09
32.8,15.6,13.5,18.2,3.7,3.2,4.9,2.7,2025-01-10
32.7,15.7,13.4,18.3,3.7,3.2,4.8,2.7,2025-01-11
32.8,15.6,13.4,18.3,3.7,3.2,4.9,2.7,2025-01-13
32.7,15.5,13.5,18.4,3.8,3.2,4.9,2.7,2025-01-14
32.8,15.7,13.5,18.4,3.7,3.3,4.9,2.7,2025-01-15
32.8,15.7,13.5,18.5,3.7,3.3,4.9,2.7,2025-01-16
32.6,15.7,13.5,18.5,3.8,3.3,4.8,2.7,2025-01-18
32.5,15.7,13.5,18.6,3.8,3.3,4.8,2.7,2025-01-20
32.6,15.7,13.5,18.5,3.8,3.3,4.8,2.7,2025-01-21
32.4,15.8,13.6,18.4,3.6,3.3,5.1,2.8,2025-01-22
32.7,15.9,13.6,18.4,3.6,3.2,5.1,2.8,2025-01-23
32.6,15.9,13.5,18.5,3.6,3.3,5,2.9,2025-01-24
32.5,15.9,13.5,18.6,3.6,3.4,5,2.7,2025-01-25
32.6,15.9,13.4,18.5,3.5,3.4,5,2.7,2025-01-26
32.6,15.9,13.5,18.7,3.5,3.4,4.9,2.6,2025-01-27
32.5,15.8,13.5,18.7,3.6,3.5,4.8,2.6,2025-01-28
32.6,15.6,13.4,19,3.5,3.6,4.9,2.6,2025-01-29
32.4,15.6,13.5,18.9,3.5,3.6,4.9,2.6,2025-01-30
32.4,15.6,13.5,18.9,3.5,3.6,4.9,2.6,2025-01-31
32.4,15.6,13.5,18.9,3.5,3.6,4.9,2.6,2025-02-01
32.4,15.5,13.4,18.8,3.6,3.8,4.9,2.9,2025-02-03
32.2,15.5,13.5,18.8,3.6,3.9,4.9,2.9,2025-02-04
32.3,15.7,13.4,18.7,3.6,4,4.9,2.9,2025-02-05
32.3,15.7,13.3,18.9,3.6,4,4.9,2.9,2025-02-06
32.3,15.7,13.3,18.8,3.6,4.1,4.8,2.9,2025-02-07
32.3,15.7,13.3,18.7,3.6,4.1,4.8,2.9,2025-02-08
32.2,15.6,13.3,18.8,3.6,4.2,4.8,2.8,2025-02-10
32.3,15.6,13.3,18.8,3.6,4.3,4.8,2.8,2025-02-11
32.2,15.5,13.4,18.7,3.6,4.3,4.8,2.8,2025-02-12
32.5,15.3,13.4,18.7,3.6,4.4,4.7,2.6,2025-02-13
32.7,15.3,13.3,18.7,3.6,4.5,4.7,2.6,2025-02-14
32.5,15.3,13.2,18.8,3.6,4.5,4.7,2.6,2025-02-15
32.4,15.4,13.3,18.9,3.7,4.5,4.8,2.5,2025-02-17
32.2,15.5,13.1,18.8,3.7,4.9,4.8,2.6,2025-02-18
32.1,15.4,13.1,18.8,3.8,5,4.8,2.4,2025-02-19
32,15.4,13.2,18.8,3.8,5.2,4.8,2.4,2025-02-20
32,15.3,13.1,18.9,3.8,5.3,4.7,2.4,2025-02-21
32,15.3,13.1,18.9,3.8,5.4,4.7,2.4,2025-02-22
31.3,15.9,12.3,19,3.8,6.2,5,2.4,2025-02-27
31.3,15.9,12.3,19,3.8,6.2,5,2.4,2025-03-01
32.1,15.2,12,19.6,3.6,6.3,5,NA,2025-03-02
31.5,15.4,12.1,19.6,3.2,7.2,4.5,NA,2025-03-04
31.5,15.5,12.2,19.5,3.2,6.8,4.7,NA,2025-03-06
31.5,15.4,12.5,19.4,3.3,6.7,4.6,NA,2025-03-07
31.3,15.4,12.5,19.3,3.4,6.8,4.6,NA,2025-03-09
31.4,15.5,12.4,19.4,3.4,6.8,4.5,NA,2025-03-11
31.3,15.4,12.3,19.5,3.5,6.8,4.6,NA,2025-03-15
31.3,15.2,12.4,19.6,3.5,6.9,4.6,NA,2025-03-18
30.8,15.3,12.5,19.9,3.5,6.8,4.5,NA,2025-03-21
30.7,15.2,12.5,20,3.5,7,4.4,NA,2025-03-24
30.3,15.3,12.4,20.2,3.5,7.1,4.6,NA,2025-03-25
30.2,15.3,12.4,20.3,3.5,7.1,4.7,NA,2025-03-26
30.4,15.3,12.4,20.2,3.4,7.1,4.7,NA,2025-03-27
30.4,15.3,12.5,20.1,3.4,7.1,4.7,NA,2025-03-28
30.2,15.4,12.5,20.2,3.3,7.1,4.7,NA,2025-03-30
30.2,15.3,12.5,20.2,3.4,7.1,4.6,NA,2025-03-31
30.1,15.3,12.5,20.3,3.4,7.1,4.6,NA,2025-04-01
30,15.2,12.4,20.5,3.4,7.3,4.6,NA,2025-04-02
29.8,15.3,12.3,20.7,3.4,7.3,4.6,NA,2025-04-03
29.5,15.3,12.2,20.7,3.5,7.4,4.6,NA,2025-04-05
29.6,15.3,12.1,20.9,3.5,7.4,4.7,2.1,2025-04-07
29.6,15.3,12.1,20.9,3.4,7.4,4.7,2.1,2025-04-08
29.5,15.3,12,21,3.5,7.5,4.8,2.1,2025-04-09
29.4,15.2,12.1,21,3.5,7.5,4.7,2.1,2025-04-11
29.3,15.2,12,21.2,3.4,7.4,4.7,2,2025-04-12
29.3,15.2,12,21.2,3.5,7.4,4.7,2,2025-04-15
29.3,15.3,12,21.2,3.5,7.4,4.7,2,2025-04-19
29.3,15.2,11.9,21.5,3.5,7.3,4.7,2,2025-04-22
29.3,15.3,11.8,21.6,3.5,7.5,4.7,2,2025-04-24
29.3,15.4,11.9,21.5,3.4,7.4,4.7,2,2025-04-25
29.3,15.3,12,21.5,3.3,7.4,4.6,2,2025-04-26
29.3,15.4,11.9,21.6,3.3,7.4,4.5,NA,2025-04-28
29.1,15.2,12,21.6,3.2,7.5,4.5,NA,2025-04-29
29.2,15.2,12.1,21.8,3.4,7.6,4.6,NA,2025-04-30
29.3,15.2,12,21.6,3.4,7.6,4.5,NA,2025-05-02
29.3,15.3,12.1,21.5,3.5,7.6,4.5,NA,2025-05-03
29.4,15.3,12.1,21.4,3.5,7.6,4.4,NA,2025-05-05
29.3,15.3,12,21.5,3.5,7.6,4.4,NA,2025-05-06
29.4,15.4,11.9,21.3,3.5,7.6,4.5,NA,2025-05-07
29.4,15.4,11.9,21.3,3.5,7.6,4.4,NA,2025-05-08
29.4,15.3,11.7,21.4,3.6,7.9,4.4,NA,2025-05-09
29.5,15.3,11.7,21.5,3.6,7.9,4.4,NA,2025-05-10
29.3,15.4,11.9,21.7,3.5,7.8,4.3,NA,2025-05-12
29.3,15.4,11.8,21.7,3.4,7.8,4.3,NA,2025-05-13
29.3,15.4,11.9,21.7,3.4,7.7,4.4,NA,2025-05-14
29.3,15.3,11.9,21.7,3.4,7.7,4.4,NA,2025-05-15
29.5,15.2,11.8,21.8,3.3,7.8,4.5,NA,2025-05-16
29.5,15.1,11.9,21.7,3.4,7.8,4.5,NA,2025-05-19
29.5,15.1,11.9,21.6,3.5,7.9,4.4,NA,2025-05-20
29.5,15.1,11.9,21.4,3.4,7.9,4.4,NA,2025-05-21
29.5,15.1,11.9,21.3,3.4,7.9,4.4,NA,2025-05-23
29.6,15.3,11.9,21.2,3.4,7.9,4.4,NA,2025-05-24
29.5,15.3,11.9,21.3,3.4,7.9,4.4,NA,2025-05-27
29.5,15.3,11.8,21.2,3.4,8,4.4,NA,2025-05-31
29.6,15.3,11.8,21.2,3.5,8,4.3,NA,2025-06-02
29.7,15.4,11.8,21,3.3,8,4.4,NA,2025-06-03
29.9,15.3,11.9,21,3.4,7.9,4.4,NA,2025-06-04
29.9,15.4,11.9,20.9,3.4,7.9,4.3,NA,2025-06-05
30,15.3,11.9,20.9,3.4,7.9,4.2,NA,2025-06-06
29.9,15.4,12,20.9,3.3,7.9,4.3,NA,2025-06-07
29.9,15.3,11.9,21,3.4,7.9,4.3,NA,2025-06-10
30,15.3,11.8,20.9,3.4,7.9,4.3,NA,2025-06-11
30,15.2,11.8,21.2,3.4,7.8,4.2,NA,2025-06-14
29.9,15.4,11.8,21.2,3.4,7.8,4.2,NA,2025-06-15
30,15.2,11.9,21.1,3.4,7.8,4.3,NA,2025-06-17
30.1,15,11.9,21.1,3.4,7.7,4.3,NA,2025-06-18
30.2,15,12,21.1,3.3,7.8,4.2,NA,2025-06-19
30.2,15.1,11.9,21.1,3.4,7.7,4.3,NA,2025-06-20
30.3,15.1,11.9,21.1,3.4,7.6,4.3,NA,2025-06-22
30.5,15,12,21.2,3.4,7.7,4.2,NA,2025-06-23
30.4,15,12.1,21.2,3.3,7.7,4.1,NA,2025-06-25
30.5,15,12.1,21.1,3.3,7.7,4,NA,2025-06-27
30.6,15,12,21.2,3.2,7.6,4.1,NA,2025-06-28
30.4,15,12.1,21.3,3.2,8.2,4.1,NA,2025-06-29
30.4,14.9,12.3,21.2,3.3,8.2,4,NA,2025-07-01
30.6,14.8,12.3,21.2,3.3,8.2,4,NA,2025-07-03
30.6,14.7,12.3,21.3,3.3,8.4,3.9,NA,2025-07-05
30.6,14.6,12.3,21.2,3.3,8.5,3.9,NA,2025-07-07
30.5,14.5,12.3,21.2,3.3,8.6,3.9,NA,2025-07-08
30.5,14.6,12.2,21.3,3.3,8.6,3.9,NA,2025-07-09
30.2,14.6,12.3,21.4,3.2,8.7,3.9,NA,2025-07-10
30.2,14.7,12.2,21.5,3.2,8.7,3.8,NA,2025-07-13
30,14.7,12.2,21.5,3.3,8.7,3.9,2,2025-07-14
29.9,14.6,12.2,21.5,3.4,8.7,3.9,2,2025-07-15
29.8,14.6,12.1,21.6,3.3,8.7,4,2,2025-07-16
29.8,14.7,12.1,21.7,3.3,8.6,4.1,2,2025-07-19
29.7,14.5,12,21.9,3.3,8.7,4.1,NA,2025-07-22
29.5,14.7,11.9,21.9,3.3,8.8,3.9,NA,2025-07-25
29.5,14.8,12,21.9,3.2,8.7,3.9,NA,2025-07-26
29.6,14.7,11.9,21.9,3.3,8.7,4,NA,2025-07-28
29.7,14.6,11.9,21.9,3.3,8.7,3.8,NA,2025-07-29
29.6,14.6,12,21.9,3.3,8.8,3.8,NA,2025-08-01
29.6,14.7,12,22,3.3,8.8,3.7,NA,2025-08-02
29.5,14.7,12,22,3.3,8.8,3.7,NA,2025-08-04
29.4,14.6,12,22,3.3,8.8,3.8,NA,2025-08-05
29.2,14.5,12,22.1,3.3,8.8,3.9,NA,2025-08-07
29.2,14.6,12,22.1,3.4,8.7,3.8,NA,2025-08-09
29.2,14.5,12,22.1,3.3,8.7,3.9,NA,2025-08-11
29,14.5,12.1,22.2,3.3,8.7,3.9,NA,2025-08-12
29.1,14.6,12.2,22.1,3.3,8.7,3.9,NA,2025-08-14
29,14.6,12.2,22.2,3.3,8.6,3.8,NA,2025-08-15
29,14.6,12.2,22.2,3.4,8.6,3.8,NA,2025-08-16
29.3,14.7,12.3,22,3.3,8.6,3.7,NA,2025-08-18
29.3,14.6,12.2,22,3.3,8.8,3.7,NA,2025-08-19
29.4,14.6,12.2,22.1,3.3,8.7,3.8,NA,2025-08-20
29.5,14.8,12.2,21.9,3.3,8.7,3.8,NA,2025-08-21
29.2,14.9,12.1,22,3.4,8.8,3.9,NA,2025-08-22
29.1,15,12.1,22,3.3,8.9,3.8,NA,2025-08-23
29.1,15,12,22,3.4,8.9,3.9,NA,2025-08-25
29.1,14.9,12.1,22.1,3.4,8.8,3.8,NA,2025-08-26
29.1,15,12.1,22.1,3.3,8.8,3.8,NA,2025-08-29
29,15,11.9,22.2,3.3,9,3.8,NA,2025-09-02
29.2,15.1,11.9,22.2,3.4,8.7,4,NA,2025-09-03
29.1,15.1,11.9,22.4,3.4,8.7,3.9,NA,2025-09-04
29.1,15.1,11.8,22.5,3.4,8.7,3.9,NA,2025-09-05
29.1,15.1,11.9,22.5,3.3,8.7,3.9,NA,2025-09-07
29,15.1,11.8,22.6,3.4,8.6,3.9,NA,2025-09-08
29,15.1,11.8,22.6,3.4,8.7,3.9,NA,2025-09-09
28.8,15.2,11.8,22.5,3.3,8.8,3.9,NA,2025-09-10
28.8,15.1,11.8,22.5,3.3,8.8,3.9,NA,2025-09-11
28.5,15.1,12,22.4,3.4,9.2,3.8,NA,2025-09-12
28.6,15.1,12,22.5,3.3,9.1,3.8,NA,2025-09-13
28.6,15.1,12,22.4,3.3,9,3.9,NA,2025-09-16
28.6,15.1,12,22.7,3.3,8.8,4,NA,2025-09-17
28.6,15.1,12,22.7,3.3,8.8,4,NA,2025-09-18
28.5,15.1,11.9,22.7,3.3,8.9,4,NA,2025-09-19
28.5,15.2,11.9,22.8,3.3,8.9,4,NA,2025-09-20
28.4,15,11.8,23,3.4,9,3.9,NA,2025-09-23
28.5,15,11.8,22.8,3.4,9,3.9,NA,2025-09-24
28.5,15,11.8,22.9,3.4,9,3.9,NA,2025-09-25
28.4,15,11.9,23,3.4,9,3.8,NA,2025-09-27
28.5,15.1,11.8,23,3.4,8.9,3.8,NA,2025-09-29
28.4,15,11.8,22.9,3.3,8.9,3.8,NA,2025-09-30
28.6,15,11.9,22.9,3.3,8.9,3.7,2,2025-10-02
28.4,14.8,11.8,23,3.4,9,3.7,2,2025-10-04
28.4,14.8,11.8,23.1,3.4,9.1,3.7,2,2025-10-06
28.4,14.8,11.8,23,3.4,9.2,3.7,2,2025-10-07
28.1,14.9,11.7,22.9,3.4,9.2,3.8,2,2025-10-09
28.1,15,11.8,22.9,3.4,9.2,3.8,2,2025-10-10
28,15,11.7,22.9,3.4,9.2,3.9,NA,2025-10-11
27.9,14.9,11.8,23,3.4,9.2,3.9,NA,2025-10-12
28,14.9,11.8,23,3.4,9.2,3.9,NA,2025-10-14
28.1,14.9,11.7,23.1,3.4,9.1,4,NA,2025-10-15
28.2,14.8,11.6,23.1,3.5,9.1,3.9,NA,2025-10-16
28.2,14.9,11.6,23,3.4,9.1,3.9,NA,2025-10-17
28.2,14.8,11.5,23.1,3.5,9.1,3.9,NA,2025-10-18
28.1,14.9,11.6,23.1,3.5,9.1,4,NA,2025-10-21
28.2,14.9,11.5,23.1,3.5,9,4.1,NA,2025-10-24
28.2,15,11.5,23,3.5,9,4,NA,2025-10-25
28.3,15,11.5,23,3.4,9.1,4,NA,2025-10-27
28.3,14.9,11.5,23,3.4,9.2,3.8,NA,2025-10-28
28.4,14.9,11.5,23.1,3.4,9.2,3.8,NA,2025-11-01
28.3,14.9,11.5,23,3.4,9.3,3.7,NA,2025-11-03
28.1,15,11.6,23,3.4,9.3,3.7,NA,2025-11-04
28.4,14.9,11.7,23.1,3.4,9.1,3.6,NA,2025-11-06
28.3,14.9,11.8,23.1,3.4,9,3.6,NA,2025-11-07
28.3,14.9,11.9,23.1,3.4,9,3.6,NA,2025-11-08
28.2,15,11.8,23.1,3.4,8.9,3.6,NA,2025-11-11
28.1,15,11.8,23.2,3.5,9,3.6,NA,2025-11-12
28.2,15.1,11.8,23,3.5,8.9,3.7,NA,2025-11-14
28.3,15.1,11.8,23,3.4,9.1,3.7,NA,2025-11-15
28.3,15,11.8,23.1,3.4,9.1,3.6,NA,2025-11-17
28.3,15,11.8,23.1,3.4,9.1,3.7,NA,2025-11-18
28.2,15,11.9,23.3,3.4,9.3,3.6,NA,2025-11-19
28.3,15,11.9,23.4,3.3,9.2,3.6,NA,2025-11-21
28.3,15,11.9,23.4,3.3,9.1,3.6,NA,2025-11-22
28.4,15.1,11.8,23.4,3.4,9,3.3,NA,2025-11-23
28.4,15.1,11.8,23.4,3.4,9,3.3,NA,2025-11-25
28.3,15,11.8,23.6,3.4,9,3.3,NA,2025-11-28
28.2,14.9,11.8,23.6,3.4,9,3.2,NA,2025-12-02
28.3,15,11.7,23.6,3.5,9,3.3,NA,2025-12-03
28.2,15,11.9,23.5,3.5,8.9,3.4,NA,2025-12-04
28.2,15.1,11.8,23.5,3.6,9,3.4,NA,2025-12-06
28,15.1,11.8,23.5,3.5,8.9,3.4,NA,2025-12-09
28,15,11.8,23.4,3.5,9,3.4,2.9,2025-12-10
28.1,14.8,11.9,23.3,3.6,8.8,3.3,3,2025-12-11
28.1,14.8,11.9,23.2,3.6,8.9,3.3,3,2025-12-12
28.1,14.7,11.9,23.2,3.6,8.9,3.3,3,2025-12-13
28.1,14.6,12,23.2,3.6,8.8,3.3,3,2025-12-16
28.1,14.7,12,23.3,3.6,8.9,3.4,3,2025-12-17
28,14.7,12.1,23.3,3.6,8.9,3.3,3,2025-12-21
28.1,14.7,12,23.3,3.6,8.9,3.3,3,2025-12-23
27.8,14.6,11.9,23.5,3.7,9.1,3.3,NA,2026-01-03
27.6,14.7,11.8,23.7,3.5,8.9,3.4,2.7,2026-01-05
27.7,14.8,11.8,23.6,3.4,8.9,3.3,2.8,2026-01-06
28.2,14.6,11.8,23.4,3.4,8.8,3.2,2.8,2026-01-08
28.1,14.6,11.9,23.5,3.5,8.8,3.1,2.8,2026-01-10
28,14.5,12,23.5,3.5,8.8,3.2,2.8,2026-01-13
28,15,12.1,23.4,3.7,8.7,3.1,2.6,2026-01-14
27.8,15.1,12.1,23.3,3.7,8.7,3.1,2.6,2026-01-15
27.9,15.1,12.1,23.2,3.7,8.7,3,2.5,2026-01-16
28,15.1,12.1,23.2,3.7,8.8,3,2.5,2026-01-17
28,15.1,12.1,23.2,3.7,8.8,3,2.6,2026-01-19
28.1,15.2,12.1,23.2,3.7,8.7,3,2.6,2026-01-20
28,15.1,12.4,23.1,3.7,8.7,2.7,2.6,2026-01-22
28,15.1,12.3,23.2,3.7,8.6,2.7,2.6,2026-01-24
28,15.1,12.3,23.2,3.7,8.6,2.7,2.6,2026-01-26
28.1,15.2,12.3,22.9,3.7,8.8,2.7,NA,2026-01-27
28.1,15.2,12.3,22.9,3.7,8.8,2.9,NA,2026-01-29
28.3,15.4,12.2,22.9,3.6,8.7,2.9,NA,2026-01-31
28.2,15.5,12.3,22.8,3.4,8.6,2.9,NA,2026-02-01
28.2,15.6,12.4,22.8,3.4,8.6,2.8,NA,2026-02-02
28.4,15.5,12.4,22.7,3.3,8.6,2.9,NA,2026-02-03
28.4,15.5,12.3,22.5,3.2,8.6,2.8,NA,2026-02-05
28.4,15.5,12.5,22.4,3.2,8.5,2.8,NA,2026-02-06
28.3,15.5,12.4,22.5,3.2,8.5,2.8,NA,2026-02-07
28.3,15.5,12.5,22.4,3.2,8.6,2.8,NA,2026-02-10
28.1,15.6,12.4,22.4,3.4,8.6,2.9,NA,2026-02-11
28.1,15.6,12.3,22.3,3.4,8.6,2.8,NA,2026-02-14
27.9,15.6,12.4,22.4,3.4,8.7,2.8,NA,2026-02-16
28,15.5,12.3,22.6,3.4,8.6,2.8,NA,2026-02-17
28,15.5,12.3,22.6,3.3,8.6,2.8,NA,2026-02-19
27.9,15.6,12.3,22.5,3.3,8.7,2.7,NA,2026-02-22
27.8,15.7,12.3,22.5,3.4,8.7,2.7,NA,2026-02-23
27.9,15.6,12.3,22.4,3.4,8.8,2.7,NA,2026-02-24
27.9,15.6,12.2,22.5,3.5,8.8,2.6,NA,2026-02-25
27.9,15.5,12.3,22.4,3.5,8.8,2.6,NA,2026-02-26
27.9,15.5,12.3,22.4,3.5,8.8,2.6,NA,2026-02-27
28,15.6,12.2,22.4,3.4,8.7,2.6,NA,2026-02-28
28.2,15.7,12.3,22.3,3.5,8.7,2.5,NA,2026-03-02
28.2,15.7,12.4,22.2,3.3,8.6,2.6,2.6,2026-03-03
28.2,15.7,12.5,22.2,3.3,8.6,2.4,2.6,2026-03-04
28.3,15.5,12.8,22.1,3.4,8.5,2.5,2.6,2026-03-05
28.4,15.4,12.7,22.1,3.5,8.5,2.4,2.6,2026-03-07
28.5,15.3,13,22.1,3.3,8.5,2.6,2.5,2026-03-10
28.5,15.3,13,22,3.3,8.5,2.5,2.5,2026-03-12
28.5,15.3,13,22,3.3,8.5,2.5,2.5,2026-03-13
28.4,15.2,13.1,22.1,3.2,8.6,2.5,2.5,2026-03-14
28.5,15,13.4,22.2,3.2,8.4,2.5,2.5,2026-03-17
28.4,14.9,13.4,22.3,3.2,8.4,2.6,2.5,2026-03-18
28.5,14.9,13.4,22.3,3.2,8.4,2.7,2.5,2026-03-19
28.5,14.9,13.4,22.3,3.2,8.4,2.7,2.5,2026-03-20
28.6,15,13.3,22.1,3.3,8.4,2.6,2.5,2026-03-21
28.7,14.8,13.3,22.5,3.2,8.2,2.7,NA,2026-03-24
28.7,14.8,13.3,22.5,3.2,8.2,2.7,NA,2026-03-25
28.5,14.6,13.6,22.7,3.1,8.3,2.6,NA,2026-03-27
28.5,14.5,13.5,22.8,3.1,8.4,2.5,NA,2026-03-28
28.5,14.5,13.5,22.8,3.1,8.3,2.5,NA,2026-03-30
28.5,14.5,13.6,22.8,3.1,8.3,2.6,NA,2026-03-31
28.3,14.4,13.7,22.8,3.3,8.3,2.6,NA,2026-04-01
28.1,14.1,13.7,22.9,3.3,8.4,2.6,NA,2026-04-04
28.2,14.1,13.8,23,3.2,8.4,2.6,NA,2026-04-07
28.1,14.1,13.8,23,3.3,8.4,2.7,NA,2026-04-08
27.8,14.1,13.9,23.1,3.2,8.5,2.6,NA,2026-04-10
27.8,14.3,14,23.1,3.2,8.4,2.7,NA,2026-04-11
27.6,14.2,13.9,23.2,3.3,8.5,2.6,NA,2026-04-14
27.4,14.2,13.9,23.3,3.4,8.5,2.7,NA,2026-04-15
27.3,14.1,14.1,23.3,3.4,8.6,2.7,NA,2026-04-16
27.4,14.1,14,23.3,3.3,8.6,2.7,NA,2026-04-17
27.3,14.1,14,23.4,3.3,8.7,2.7,NA,2026-04-18
27.3,14.1,14,23.4,3.3,8.7,2.7,NA,2026-04-21
26.9,13.4,14.5,23.9,3.3,8.7,2.9,NA,2026-04-22
26.8,13.4,14.4,24.1,3.2,8.7,2.8,NA,2026-04-25
26.5,13.4,14.5,24.3,3.3,8.9,3,NA,2026-04-28
26.4,13.3,14.5,24.3,3.2,8.9,2.9,NA,2026-04-29
26.3,13.2,14.6,24.6,3.2,9,2.8,NA,2026-05-02
26.2,13.1,14.8,24.5,3.3,8.8,2.9,NA,2026-05-05
26.3,13.1,14.9,24.5,3.4,8.7,2.7,NA,2026-05-07
26.7,13.5,14.6,24,3.5,9,2.6,NA,2026-05-08
26.6,13.5,14.6,24.1,3.4,9,2.5,NA,2026-05-09
26.7,13.5,14.6,24,3.5,9,2.5,NA,2026-05-11
26.5,13.5,14.4,24.2,3.5,9,2.7,NA,2026-05-12
26.4,13.6,14.3,24.1,3.5,9.2,2.7,NA,2026-05-13
26.4,13.6,14.3,24.1,3.5,9.2,2.7,NA,2026-05-15
26.3,13.5,14.4,24.2,3.5,9.1,2.6,NA,2026-05-16
26.3,13.6,14.4,24.4,3.5,9.2,2.7,NA,2026-05-19
26.1,13.6,14.4,24.5,3.5,9.1,2.7,NA,2026-05-21
26,13.5,14.5,24.5,3.4,9.2,2.6,NA,2026-05-22
26,13.5,14.5,24.5,3.5,9.3,2.6,NA,2026-05-23
25.9,13.4,14.6,24.5,3.5,9.3,2.6,NA,2026-05-26
25.9,13.4,14.5,24.6,3.3,9.4,2.6,NA,2026-05-30
25.9,13.2,14.9,24.6,3.5,9.3,2.3,2.7,2026-06-01
25.7,13.2,14.8,24.6,3.7,9.2,2.4,2.7,2026-06-02
25.9,13.4,14.7,24.5,3.7,9.1,2.4,2.7,2026-06-03
26,13.4,14.7,24.5,3.6,9,2.4,2.7,2026-06-05
25.9,13.4,14.7,24.6,3.6,9.1,2.3,2.7,2026-06-06
25.9,13.3,14.7,24.6,3.6,9,2.4,2.7,2026-06-09
26,13.4,14.7,24.5,3.6,9.1,2.4,2.7,2026-06-11
26,13.5,14.6,24.6,3.6,9.1,2.4,2.7,2026-06-13
26.1,13.4,14.7,24.6,3.6,9.1,2.4,2.7,2026-06-15
25.7,13.4,14.7,24.7,3.7,9.2,2.6,2.7,2026-06-16
25.7,13.5,14.5,24.8,3.7,9.2,2.6,2.7,2026-06-19
25.7,13.5,14.3,24.8,3.7,9.2,2.5,2.7,2026-06-20
25.7,13.5,14.3,24.8,3.7,9.2,2.5,2.7,2026-06-22
25.7,13.5,14.2,24.8,3.7,9.2,2.6,NA,2026-06-23
25.7,13.6,14.1,24.9,3.8,9.2,2.6,NA,2026-06-24
25.7,13.6,14.1,25,3.8,9.2,2.6,NA,2026-06-27
25.5,13.5,14.1,25,3.9,8.9,2.6,NA,2026-06-28
25.4,13.4,14.1,24.9,3.9,9,2.7,NA,2026-06-30
25.3,13.4,14.1,24.9,3.9,9.1,2.7,NA,2026-07-01
25.3,13.3,14.3,24.8,3.9,9.1,2.7,NA,2026-07-02
25.2,13.4,14.4,24.7,3.8,9.1,2.6,NA,2026-07-03
